type,name,module,path,hash
"yaml","manifest","_config","_config/manifest.yaml","f7552215693a4b81c62f8931fc4389aa5a8ad9d9cafa2a7ad5f35ee53ec291d6"
"csv","documentation-requirements","bmm","bmm/1-analysis/bmad-document-project/documentation-requirements.csv","d1253b99e88250f2130516b56027ed706e643bfec3d99316727a4c6ec65c6c1d"
"csv","module-help","bmm","bmm/module-help.csv","ad4373d7e58a31aaef601ae39cf76b26bae7fd420b108e44660427384652d4bf"
"html","validation-report-template","bmm","bmm/2-plan-workflows/bmad-prd/assets/validation-report-template.html","a80becdd8205d2d7c18738855830b096172a496b96b5ca8a0820ec55c9bb8bf9"
"html","validation-report-template","bmm","bmm/2-plan-workflows/bmad-ux/assets/validation-report-template.html","8656945636fabe96624f8ef8fce931b073b5aecbe42d490584c1d5c7f31e1353"
"json","bmad-manifest","bmm","bmm/1-analysis/bmad-prfaq/bmad-manifest.json","7908cab6f0cd66f1f3427b4cc659975b4737bdc44f789b23c6a895fcd084c4bc"
"json","project-scan-report-schema","bmm","bmm/1-analysis/bmad-document-project/templates/project-scan-report-schema.json","8466965321f1db22f5013869636199f67e0113706283c285a7ffbbf5efeea321"
"md","artifact-analyzer","bmm","bmm/1-analysis/bmad-prfaq/agents/artifact-analyzer.md","7bdc44830f8d593346ec0ee15e36e1e431432fcc6c38b70bb861999315c9cfa4"
"md","brief-template","bmm","bmm/1-analysis/bmad-product-brief/assets/brief-template.md","bb28edf75d023067551c8d417b19b8803324e7acfb2ad0c80f882e9134f4c1f1"
"md","checklist","bmm","bmm/1-analysis/bmad-document-project/checklist.md","581b0b034c25de17ac3678db2dbafedaeb113de37ddf15a4df6584cf2324a7d7"
"md","checklist","bmm","bmm/4-implementation/bmad-correct-course/checklist.md","3e082b95def90ccb876e3101ce0bbaf797a0f03a9471e1347361897f27977327"
"md","checklist","bmm","bmm/4-implementation/bmad-create-story/checklist.md","b94e28e774c3be0288f04ea163424bece4ddead5cd3f3680d1603ed07383323a"
"md","checklist","bmm","bmm/4-implementation/bmad-dev-story/checklist.md","630b68c6824a8785003a65553c1f335222b17be93b1bd80524c23b38bde1d8af"
"md","checklist","bmm","bmm/4-implementation/bmad-qa-generate-e2e-tests/checklist.md","b58f810aeb1040c2f6758c88aa133afce72f8cc178d3d97ff0fbaa3d943057dc"
"md","checklist","bmm","bmm/4-implementation/bmad-sprint-planning/checklist.md","11b0b1ff20657b8e7d1f3377a88f102446112f617f5d0e91ab1595a977714a97"
"md","color-themes","bmm","bmm/2-plan-workflows/bmad-ux/assets/color-themes.md","48fac7943e8584ccf7dd1bcdfdfd4513366a086a3a84965b6b302ccf6607c171"
"md","compile-epic-context","bmm","bmm/4-implementation/bmad-dev-auto/compile-epic-context.md","fa300a04e9b1f494314ddde443678affb2ac1965e2ac07dc4d6bb64316998466"
"md","compile-epic-context","bmm","bmm/4-implementation/bmad-quick-dev/compile-epic-context.md","5cfda02f252941e415b80c57b4528f46226b3cbf456ad45d78fcb5a7ef4816e2"
"md","creative-tools","bmm","bmm/2-plan-workflows/bmad-ux/references/creative-tools.md","349b6b5e8353c2fa1efe7caa49cca50577900f55f32005ccd6f7b43e4daec558"
"md","customer-faq","bmm","bmm/1-analysis/bmad-prfaq/references/customer-faq.md","96f8565197649c58908a1d61b6cd805fd01f57da7945ba889c18d087ad597aeb"
"md","deep-dive-instructions","bmm","bmm/1-analysis/bmad-document-project/workflows/deep-dive-instructions.md","a79e24b93a25ab456062916a9dad7b6a16dc43ac0b4b555700d3c3751cff0d25"
"md","deep-dive-template","bmm","bmm/1-analysis/bmad-document-project/templates/deep-dive-template.md","6198aa731d87d6a318b5b8d180fc29b9aa53ff0966e02391c17333818e94ffe9"
"md","deep-dive-workflow","bmm","bmm/1-analysis/bmad-document-project/workflows/deep-dive-workflow.md","a64d98dfa3b771df2853c4fa19a4e9c90d131e409e13b4c6f5e494d6ac715125"
"md","design-directions","bmm","bmm/2-plan-workflows/bmad-ux/assets/design-directions.md","eab73b948da76a27abc908e1e7d6b124e8ff0362e6dd1990f7e60b9541cbcb98"
"md","design-example-editorial","bmm","bmm/2-plan-workflows/bmad-ux/assets/design-example-editorial.md","a659166845b1a4ed3f9aef942c5935537a97382b10303684fbb78ed86265870e"
"md","design-example-mobile","bmm","bmm/2-plan-workflows/bmad-ux/assets/design-example-mobile.md","a93fb9f114f2e83af0c961c0d7909b3859fc80bcd713715517cd639a53a0372a"
"md","design-example-shadcn","bmm","bmm/2-plan-workflows/bmad-ux/assets/design-example-shadcn.md","25e0dfb2bb21483973a8f0a6ed650288b3dc2ae5ed02aa0f091bb9b6b0b39fc0"
"md","design-md-spec","bmm","bmm/2-plan-workflows/bmad-ux/references/design-md-spec.md","d04d5f663607aba3f3181e818ae33856e6caf5e560dcb16fa64ed80b7cf3d590"
"md","discover-inputs","bmm","bmm/4-implementation/bmad-create-story/discover-inputs.md","dfedba6a8ea05c9a91c6d202c4b29ee3ea793d8ef77575034787ae0fef280507"
"md","epics-template","bmm","bmm/3-solutioning/bmad-create-epics-and-stories/templates/epics-template.md","a804f740155156d89661fa04e7a4264a8f712c4dc227c44fd8ae804a9b0f6b72"
"md","excalidraw-wireframe","bmm","bmm/2-plan-workflows/bmad-ux/assets/excalidraw-wireframe.md","660bbcdebff50cd044a3752eda43f3cb303aca4b0f521b55a270da93b89ddb18"
"md","experience-example-mobile","bmm","bmm/2-plan-workflows/bmad-ux/assets/experience-example-mobile.md","f8cd54c92193cd8c34a472df9c212ac7330976f6a115b729721dcb60034dc4f0"
"md","experience-example-shadcn","bmm","bmm/2-plan-workflows/bmad-ux/assets/experience-example-shadcn.md","d6ca16e87b768e8b41f352c02ee08af21d7cdac04ca21e6ae1556864b4d27590"
"md","explain-concept","bmm","bmm/1-analysis/bmad-agent-tech-writer/explain-concept.md","6ea82dbe4e41d4bb8880cbaa62d936e40cef18f8c038be73ae6e09c462abafc9"
"md","full-scan-instructions","bmm","bmm/1-analysis/bmad-document-project/workflows/full-scan-instructions.md","2235945df2ae261265187447ce593238e132a026a9b88d3507a1f1d6808a0263"
"md","full-scan-workflow","bmm","bmm/1-analysis/bmad-document-project/workflows/full-scan-workflow.md","3bff88a392c16602bd44730f32483505e73e65e46e82768809c13a0a5f55608b"
"md","generate-trail","bmm","bmm/4-implementation/bmad-checkpoint-preview/generate-trail.md","4a5936d86fbe5a85285b4535097b1e2edda8849da35586f4b588a982d7224459"
"md","headless","bmm","bmm/2-plan-workflows/bmad-prd/references/headless.md","4dad58ebee63933a53179016513ff94d143ce9f68e226489d390e2c36bf1d848"
"md","headless","bmm","bmm/2-plan-workflows/bmad-ux/references/headless.md","8da7e23d269b1644f45b5104a243a6a27fd8d075aebb95d9b7752f0d143f0f5d"
"md","headless","bmm","bmm/3-solutioning/bmad-architecture/references/headless.md","4db2708f335c94cb024b5eba022b1e3d88b1ec61c94c4716626d9b89684f5833"
"md","headless-schemas","bmm","bmm/2-plan-workflows/bmad-prd/assets/headless-schemas.md","8d3621333a72400512bd62511bc4c73fc745711505e1f852c697ff8c5fa2de93"
"md","headless-schemas","bmm","bmm/2-plan-workflows/bmad-ux/assets/headless-schemas.md","e3a773dde85286f1a6f6dd8b26fc17e09ccea96f6257dfe7fb436353cd79242d"
"md","index-template","bmm","bmm/1-analysis/bmad-document-project/templates/index-template.md","42c8a14f53088e4fda82f26a3fe41dc8a89d4bcb7a9659dd696136378b64ee90"
"md","instructions","bmm","bmm/1-analysis/bmad-document-project/instructions.md","9f4bc3a46559ffd44289b0d61a0f8f26f829783aa1c0e2a09dfa807fa93eb12f"
"md","internal-faq","bmm","bmm/1-analysis/bmad-prfaq/references/internal-faq.md","26eb83f844cda1ed8efb50f4703d61713ada8a64bd27eb387f759f858b5748de"
"md","key-screens","bmm","bmm/2-plan-workflows/bmad-ux/assets/key-screens.md","ff1c5060673dd595edd61e76806bae876264ec6895c2eaadf8a6190785bf5f7b"
"md","mermaid-gen","bmm","bmm/1-analysis/bmad-agent-tech-writer/mermaid-gen.md","1d83fcc5fa842bc31ecd9fd7e45fbf013fabcadf0022d3391fff5b53b48e4b5d"
"md","prd-template","bmm","bmm/2-plan-workflows/bmad-prd/assets/prd-template.md","41e77bd5c4ee81c3f383b55d6f515147afc9c4bd1a3317ddf55a9282deae495c"
"md","prd-validation-checklist","bmm","bmm/2-plan-workflows/bmad-prd/assets/prd-validation-checklist.md","41d9f09064772a92ec908d970618e47ba63dc86b5c5a1a21d5a2c676d3ba8e3f"
"md","press-release","bmm","bmm/1-analysis/bmad-prfaq/references/press-release.md","c406adb0e2d2cc326cbc45d0174f89d014523448ad82bc272293999d22aec596"
"md","prfaq-template","bmm","bmm/1-analysis/bmad-prfaq/assets/prfaq-template.md","b27e6964f0437ab4e78c8c0ffbe5052c28e3b3ef2fc811726cbb394d5a5c7559"
"md","project-context-template","bmm","bmm/3-solutioning/bmad-generate-project-context/project-context-template.md","54e351394ceceb0ac4b5b8135bb6295cf2c37f739c7fd11bb895ca16d79824a5"
"md","project-overview-template","bmm","bmm/1-analysis/bmad-document-project/templates/project-overview-template.md","a7c7325b75a5a678dca391b9b69b1e3409cfbe6da95e70443ed3ace164e287b2"
"md","readiness-report-template","bmm","bmm/3-solutioning/bmad-check-implementation-readiness/templates/readiness-report-template.md","0da97ab1e38818e642f36dc0ef24d2dae69fc6e0be59924dc2dbf44329738ff6"
"md","research.template","bmm","bmm/1-analysis/research/bmad-domain-research/research.template.md","507bb6729476246b1ca2fca4693986d286a33af5529b6cd5cb1b0bb5ea9926ce"
"md","research.template","bmm","bmm/1-analysis/research/bmad-market-research/research.template.md","507bb6729476246b1ca2fca4693986d286a33af5529b6cd5cb1b0bb5ea9926ce"
"md","research.template","bmm","bmm/1-analysis/research/bmad-technical-research/research.template.md","507bb6729476246b1ca2fca4693986d286a33af5529b6cd5cb1b0bb5ea9926ce"
"md","reviewer-gate","bmm","bmm/3-solutioning/bmad-architecture/references/reviewer-gate.md","d32e32a3c1d59b5612b947004f3f6fef1117a13ce9f1ffa428d616e0b5d4db69"
"md","SKILL","bmm","bmm/1-analysis/bmad-agent-analyst/SKILL.md","fca38a404e79508ebc39235d0162bcb475b02407a913e3e5bd8c5526b2b261a6"
"md","SKILL","bmm","bmm/1-analysis/bmad-agent-tech-writer/SKILL.md","7544242ff68d0ddfd466274f40ae9f3b0ea06ee5f5f938f68f953e19b3598cd7"
"md","SKILL","bmm","bmm/1-analysis/bmad-document-project/SKILL.md","806d73f66a8f3f3e7b3cbd3b9a87ad4d8b9aabd3ff91f37c96edef36a17aa2b3"
"md","SKILL","bmm","bmm/1-analysis/bmad-prfaq/SKILL.md","353da1cc8837e880c7f41b636a1bd38086c56a91d59798b13f5d6168f0021de4"
"md","SKILL","bmm","bmm/1-analysis/bmad-product-brief/SKILL.md","0d569d109cd61a8056374d1f3f3980188407983772544ab81f4ff6b18e798508"
"md","SKILL","bmm","bmm/1-analysis/research/bmad-domain-research/SKILL.md","2308f7e21f78d7f2ed43d560dbcdbfa2af236d6a81988495f28baf0e81a03206"
"md","SKILL","bmm","bmm/1-analysis/research/bmad-market-research/SKILL.md","13f2c2148061dc6688c4c9d81b5e5b98fbfe4d7294eba0daa0cac5b17f7a0593"
"md","SKILL","bmm","bmm/1-analysis/research/bmad-technical-research/SKILL.md","290c5aec88886a623f620e59e43090d11791b0fade357bae2b9de9ae510d3159"
"md","SKILL","bmm","bmm/2-plan-workflows/bmad-agent-pm/SKILL.md","e2ebea0bf6ee158fcb9e62731a185983f2ac59f664940f4f4320cf10e1bbdf92"
"md","SKILL","bmm","bmm/2-plan-workflows/bmad-agent-ux-designer/SKILL.md","d780ae59b9fb7e3a94c5ffe4ec75f90942d4a9a3944af4b36c2d279fdd7801db"
"md","SKILL","bmm","bmm/2-plan-workflows/bmad-create-prd/SKILL.md","143c5c2d85734021db343ff3dbf143e804eddbf9fb519fb824b70f1a9154767d"
"md","SKILL","bmm","bmm/2-plan-workflows/bmad-edit-prd/SKILL.md","31ecfe3c16513d994e44e648a7f2d4f4a6ccf297ca6c1826aa68ef7b053e7ff2"
"md","SKILL","bmm","bmm/2-plan-workflows/bmad-prd/SKILL.md","85f0a3ea5fee06fcaef5ff34d6b194b265fe0d31ffd7610a9c9a0134bf0b21ce"
"md","SKILL","bmm","bmm/2-plan-workflows/bmad-ux/SKILL.md","250d2794f2b8e316bb1ba4666f0728970afd8a5d2707ac1cceac6c21e63730b6"
"md","SKILL","bmm","bmm/2-plan-workflows/bmad-validate-prd/SKILL.md","931439b8c84bc454d0596a1ad35d6583c1926c941f2928c54b31aea702c24b53"
"md","SKILL","bmm","bmm/3-solutioning/bmad-agent-architect/SKILL.md","82bbf22ff3a4571741c9339ae6b7c35676a6e26a3237ceca487abe85369e91a0"
"md","SKILL","bmm","bmm/3-solutioning/bmad-architecture/SKILL.md","a56c7a0abc45e1dba719ae5e66b7169a1098b403e7fd69b30c19f16c12cddc6a"
"md","SKILL","bmm","bmm/3-solutioning/bmad-check-implementation-readiness/SKILL.md","a7e12eae2bdb5a95cc0534e6d5bf58e7ce4b947327a494d475ef98e67f03718a"
"md","SKILL","bmm","bmm/3-solutioning/bmad-create-architecture/SKILL.md","4b1673582dc8e0957b559cece14f048c0c995874b79ad255f033b36b2b789eb0"
"md","SKILL","bmm","bmm/3-solutioning/bmad-create-epics-and-stories/SKILL.md","4ec9ec255c2c0e97ae912342ae1445318e672aa1c2a9e412806b7d7ef7d5a6a7"
"md","SKILL","bmm","bmm/3-solutioning/bmad-generate-project-context/SKILL.md","f25e05d8c3923f331f96a73e6ba8bb8b055b5ca2aa548402a3b633141b8dea21"
"md","SKILL","bmm","bmm/4-implementation/bmad-agent-dev/SKILL.md","54ab6d9d60d7ed7e84d6510cf325734b66feb1b419131436672559584b4bf508"
"md","SKILL","bmm","bmm/4-implementation/bmad-checkpoint-preview/SKILL.md","34613078dbea9c55e45df016399328d8360579fd381301a5de78bb52c3597591"
"md","SKILL","bmm","bmm/4-implementation/bmad-code-review/SKILL.md","8cad441a79809e4e8222ca67bdd43ea8df814ccc222b81843054e5613e286d63"
"md","SKILL","bmm","bmm/4-implementation/bmad-correct-course/SKILL.md","5064ef2e7aedfb094bef912d5e4d6680318a1904d9bcdc7875d3dc16bb253ea4"
"md","SKILL","bmm","bmm/4-implementation/bmad-create-story/SKILL.md","692ab872ebaa197931d849a8d01fa28e86a9b3ee2f4acf79318bb3797a91e9aa"
"md","SKILL","bmm","bmm/4-implementation/bmad-dev-auto/SKILL.md","f4243eae074acf5e390d743cb026252ba2ed67d8d9c445bf6a972c0233467fe7"
"md","SKILL","bmm","bmm/4-implementation/bmad-dev-story/SKILL.md","f12801307b157f04d2bde7da104e1ebde3f2898bd3a60326da928d5b9fc793ac"
"md","SKILL","bmm","bmm/4-implementation/bmad-qa-generate-e2e-tests/SKILL.md","9e78729569b2dc8e24e5f8eb016a851c4efd5c1920e2c91e0e3175fc6899d98d"
"md","SKILL","bmm","bmm/4-implementation/bmad-quick-dev/SKILL.md","18c2002a48dee2d4b578c3ce4af5d5d3836855508074a814b59491621cd9cacd"
"md","SKILL","bmm","bmm/4-implementation/bmad-retrospective/SKILL.md","af09b92e4928bbc9e01382497e733ecc9312bf8c1ad680e4f4cc0c4a0ea34253"
"md","SKILL","bmm","bmm/4-implementation/bmad-sprint-planning/SKILL.md","aa828c5ceeb2aa875da324e358844700802c6ad8cb11a97cfb955f37209231de"
"md","SKILL","bmm","bmm/4-implementation/bmad-sprint-status/SKILL.md","a0dcb85d89cbbc6f20651412cf07ccc97f72f605915f03ee70208cc91fb705e9"
"md","source-tree-template","bmm","bmm/1-analysis/bmad-document-project/templates/source-tree-template.md","109bc335ebb22f932b37c24cdc777a351264191825444a4d147c9b82a1e2ad7a"
"md","spec-template","bmm","bmm/4-implementation/bmad-dev-auto/spec-template.md","7c340be50e2a460b91c6148ef05c85a2f012462a0b91fcd7bf1b66bf2373c96c"
"md","spec-template","bmm","bmm/4-implementation/bmad-quick-dev/spec-template.md","68d0e3b9acaa0c22ab3b0dd1dbce9d8ef9b4d16637ed5e6fbd5244528732943e"
"md","spine-template","bmm","bmm/3-solutioning/bmad-architecture/assets/spine-template.md","ef4ff795624eb5439fae54a06edb389feb5a0cf79cb01ae007af51109335d198"
"md","step-01-clarify-and-route","bmm","bmm/4-implementation/bmad-dev-auto/step-01-clarify-and-route.md","53298afe9de0bc9d4fa14dec8d867c7f17b0de649cbcec9a22a2f6b0b44c1c49"
"md","step-01-clarify-and-route","bmm","bmm/4-implementation/bmad-quick-dev/step-01-clarify-and-route.md","c6066ba0d4fd6cb9e3876acf85053f3168973a94c5476d5eab618c6f4d23825a"
"md","step-01-discover","bmm","bmm/3-solutioning/bmad-generate-project-context/steps/step-01-discover.md","8b2c8c7375f8a3c28411250675a28c0d0a9174e6c4e67b3d53619888439c4613"
"md","step-01-document-discovery","bmm","bmm/3-solutioning/bmad-check-implementation-readiness/steps/step-01-document-discovery.md","c763b512d55906122433cb65c1bcd5b5b283e45eacdc07281c8ec7596b6b3980"
"md","step-01-gather-context","bmm","bmm/4-implementation/bmad-code-review/steps/step-01-gather-context.md","d0ee7558605e9d48b5b6f15d9b535542eb6d922613f529bb520326eacade4171"
"md","step-01-init","bmm","bmm/1-analysis/research/bmad-domain-research/domain-steps/step-01-init.md","efee243f13ef54401ded88f501967b8bc767460cec5561b2107fc03fe7b7eab1"
"md","step-01-init","bmm","bmm/1-analysis/research/bmad-market-research/steps/step-01-init.md","64d5501aea0c0005db23a0a4d9ee84cf4e9239f553c994ecc6b1356917967ccc"
"md","step-01-init","bmm","bmm/1-analysis/research/bmad-technical-research/technical-steps/step-01-init.md","c9a1627ecd26227e944375eb691e7ee6bc9f5db29a428a5d53e5d6aef8bb9697"
"md","step-01-orientation","bmm","bmm/4-implementation/bmad-checkpoint-preview/step-01-orientation.md","d9e3b949c36d49a025f3535773af2b51888fe4ce616b6d6d69683a122716b1d2"
"md","step-01-validate-prerequisites","bmm","bmm/3-solutioning/bmad-create-epics-and-stories/steps/step-01-validate-prerequisites.md","7181608c1ee4e55c084c6627d68fc55a8a0b6917e489f8ac77531a0530428a30"
"md","step-02-customer-behavior","bmm","bmm/1-analysis/research/bmad-market-research/steps/step-02-customer-behavior.md","bac4de244049f90d1f2eb95e2cc9389cc84966d9538077fef1ec9c35e4533849"
"md","step-02-design-epics","bmm","bmm/3-solutioning/bmad-create-epics-and-stories/steps/step-02-design-epics.md","7c66987808c1f84e853fe54b7aff26d209196d450b5644704110f124a15179bc"
"md","step-02-domain-analysis","bmm","bmm/1-analysis/research/bmad-domain-research/domain-steps/step-02-domain-analysis.md","385a288d9bbb0adf050bcce4da4dad198a9151822f9766900404636f2b0c7f9d"
"md","step-02-generate","bmm","bmm/3-solutioning/bmad-generate-project-context/steps/step-02-generate.md","b1f063edae66a74026b67a79a245cec7ee85438bafcacfc70dcf6006b495e060"
"md","step-02-plan","bmm","bmm/4-implementation/bmad-dev-auto/step-02-plan.md","a3e67ddd96216ea79a14a7bdef63f2acec0b6fae6d22eaa7a53163440900f443"
"md","step-02-plan","bmm","bmm/4-implementation/bmad-quick-dev/step-02-plan.md","66576a0b14f77d59bf09f550297260ddc175d9181d8d9733fa0ea9c274724955"
"md","step-02-prd-analysis","bmm","bmm/3-solutioning/bmad-check-implementation-readiness/steps/step-02-prd-analysis.md","38be2bf4b924c0b5b395b57d68f685d790ade7b1a6c10993d3c550675f87d954"
"md","step-02-review","bmm","bmm/4-implementation/bmad-code-review/steps/step-02-review.md","950a900442975ed6a47c3def55a1ffa377864f789524d476b4bf377ed8058733"
"md","step-02-technical-overview","bmm","bmm/1-analysis/research/bmad-technical-research/technical-steps/step-02-technical-overview.md","9c7582241038b16280cddce86f2943216541275daf0a935dcab78f362904b305"
"md","step-02-walkthrough","bmm","bmm/4-implementation/bmad-checkpoint-preview/step-02-walkthrough.md","66cf893f8f968ee81034e9ccd8c20415692c3a8c23a9a143c2245fe6c800acdc"
"md","step-03-competitive-landscape","bmm","bmm/1-analysis/research/bmad-domain-research/domain-steps/step-03-competitive-landscape.md","f10aa088ba00c59491507f6519fb314139f8be6807958bb5fd1b66bff2267749"
"md","step-03-complete","bmm","bmm/3-solutioning/bmad-generate-project-context/steps/step-03-complete.md","e61463db76a8fa060411aa24127aee936d646b97564e9e2a883494ea50e68464"
"md","step-03-create-stories","bmm","bmm/3-solutioning/bmad-create-epics-and-stories/steps/step-03-create-stories.md","c5b787a82e4e49ed9cd9c028321ee1689f32b8cd69d89eea609b37cd3d481afc"
"md","step-03-customer-pain-points","bmm","bmm/1-analysis/research/bmad-market-research/steps/step-03-customer-pain-points.md","5b2418ccaaa89291c593efed0311b3895faad1e9181800d382da823a8eb1312a"
"md","step-03-detail-pass","bmm","bmm/4-implementation/bmad-checkpoint-preview/step-03-detail-pass.md","d48163b9f305f15af57729a8443142e47beb6c3e977554afe12b39ee49cb9fc0"
"md","step-03-epic-coverage-validation","bmm","bmm/3-solutioning/bmad-check-implementation-readiness/steps/step-03-epic-coverage-validation.md","7b187f03a47cba0325fcfd10240410db9c59d93768342fc2dd3de2a01ec23356"
"md","step-03-implement","bmm","bmm/4-implementation/bmad-dev-auto/step-03-implement.md","814893db2ca997d82ef5298d83f85b697d19203b9be755837e56af51d9565a2e"
"md","step-03-implement","bmm","bmm/4-implementation/bmad-quick-dev/step-03-implement.md","207e8a1238d725bbbb6068009bb9fa435cb098ee63ded5621e3af2d32f724464"
"md","step-03-integration-patterns","bmm","bmm/1-analysis/research/bmad-technical-research/technical-steps/step-03-integration-patterns.md","005d517a2f962e2172e26b23d10d5e6684c7736c0d3982e27b2e72d905814ad9"
"md","step-03-triage","bmm","bmm/4-implementation/bmad-code-review/steps/step-03-triage.md","8be59185422340843a262ae277332b64ba969fb477c5a8f47624ab58bda3c6f4"
"md","step-04-architectural-patterns","bmm","bmm/1-analysis/research/bmad-technical-research/technical-steps/step-04-architectural-patterns.md","4636f23e9c585a7a0c90437a660609d913f16362c3557fc2e71d408d6b9f46ce"
"md","step-04-customer-decisions","bmm","bmm/1-analysis/research/bmad-market-research/steps/step-04-customer-decisions.md","f0bc25f2179b7490e7a6704159a32fc9e83ab616022355ed53acfe8e2f7059d5"
"md","step-04-final-validation","bmm","bmm/3-solutioning/bmad-create-epics-and-stories/steps/step-04-final-validation.md","6b83fcf177c24c6b43c2eb0df2efc1430cb0f357b3ab20ee8a5c5483c3fee079"
"md","step-04-present","bmm","bmm/4-implementation/bmad-code-review/steps/step-04-present.md","1bded625413479aae5bb2e46a36d4e4156c31dc19f97b98812ecb8734870687c"
"md","step-04-regulatory-focus","bmm","bmm/1-analysis/research/bmad-domain-research/domain-steps/step-04-regulatory-focus.md","d22035529efe91993e698b4ebf297bf2e7593eb41d185a661c357a8afc08977b"
"md","step-04-review","bmm","bmm/4-implementation/bmad-dev-auto/step-04-review.md","d7742250a55139fbd4a8221e5cad7d6b9a5de20b6c034b3619541d0b89698371"
"md","step-04-review","bmm","bmm/4-implementation/bmad-quick-dev/step-04-review.md","9db75caff2e22c61bd2239c1f75557fb2a91f82057b41187f2f8aed97c3fe0c8"
"md","step-04-testing","bmm","bmm/4-implementation/bmad-checkpoint-preview/step-04-testing.md","28a56e868968ea2d18add0df8c4bccced0f94b698e218df3d45ddac072ce369c"
"md","step-04-ux-alignment","bmm","bmm/3-solutioning/bmad-check-implementation-readiness/steps/step-04-ux-alignment.md","f71e5f0d77615e885ae40fdee6b04c1dd6e472c871f87b515fe869cb5f6966fb"
"md","step-05-competitive-analysis","bmm","bmm/1-analysis/research/bmad-market-research/steps/step-05-competitive-analysis.md","17532051ad232cfc859f09ac3b44f9f4d542eb24cff8d07317126ccdff0d225a"
"md","step-05-epic-quality-review","bmm","bmm/3-solutioning/bmad-check-implementation-readiness/steps/step-05-epic-quality-review.md","d8a84e57f4e3a321734b5b5d093458ceb1e338744f18954c5a204f5ce3576185"
"md","step-05-implementation-research","bmm","bmm/1-analysis/research/bmad-technical-research/technical-steps/step-05-implementation-research.md","e2b8a2c79bcebadc85f3823145980fa47d7e7be8d1c112f686c6223c8c138608"
"md","step-05-present","bmm","bmm/4-implementation/bmad-quick-dev/step-05-present.md","ea49ce8703d4946ec54a59ff428d52ad64ab2649f49c43230bec1f3d09e85b55"
"md","step-05-technical-trends","bmm","bmm/1-analysis/research/bmad-domain-research/domain-steps/step-05-technical-trends.md","fd6c577010171679f630805eb76e09daf823c2b9770eb716986d01f351ce1fb4"
"md","step-05-wrapup","bmm","bmm/4-implementation/bmad-checkpoint-preview/step-05-wrapup.md","c2d4dbc17fed4f8ecbfcb09a2f9c77f0d4562bd27397270e2c27ba37cf4fe073"
"md","step-06-final-assessment","bmm","bmm/3-solutioning/bmad-check-implementation-readiness/steps/step-06-final-assessment.md","1b9c8c2a21950f85e052e05309bfcb3bfe38157ba6fca402ccf37444e7f1cee3"
"md","step-06-research-completion","bmm","bmm/1-analysis/research/bmad-market-research/steps/step-06-research-completion.md","4f5d3158a8462656d6959d29544ed5c92cb925641e2205e47af05c124fcd7666"
"md","step-06-research-synthesis","bmm","bmm/1-analysis/research/bmad-domain-research/domain-steps/step-06-research-synthesis.md","805f2cb7005a4fb0c4da52ea38d45de863f3e840e0f2de1456c414831cdbdf59"
"md","step-06-research-synthesis","bmm","bmm/1-analysis/research/bmad-technical-research/technical-steps/step-06-research-synthesis.md","64d9303ef0c9ce839dc3b2d72e94e3e5b4673e82dc7fc9f1571bd0b03b3a43a7"
"md","step-oneshot","bmm","bmm/4-implementation/bmad-quick-dev/step-oneshot.md","0a9f86e6b81c60f7afc60e93edd3188f00b510d1eec845cbd343e0218c05c2e7"
"md","sync-sprint-status","bmm","bmm/4-implementation/bmad-quick-dev/sync-sprint-status.md","c0f2fdb940984206a4b7aa2467fbcb7c4811f648634e43a488593974e9efff5e"
"md","template","bmm","bmm/4-implementation/bmad-create-story/template.md","29ba697368d77e88e88d0e7ac78caf7a78785a7dcfc291082aa96a62948afb67"
"md","validate","bmm","bmm/2-plan-workflows/bmad-prd/references/validate.md","71f28774e85c673a5c48af607af541e6a08e10076a2d46d0763885fafc74f201"
"md","validate","bmm","bmm/2-plan-workflows/bmad-ux/references/validate.md","336d5be5ca860dc6948606b68b5a14fed593d41508ad83e123879bd466c984db"
"md","validate-doc","bmm","bmm/1-analysis/bmad-agent-tech-writer/validate-doc.md","3b8d25f60be191716266726393f2d44b77262301b785a801631083b610d6acc5"
"md","verdict","bmm","bmm/1-analysis/bmad-prfaq/references/verdict.md","1a1cbc34090114d3a2b928456edec1563b73d84fea66c58e98780bf680f172ec"
"md","web-researcher","bmm","bmm/1-analysis/bmad-prfaq/agents/web-researcher.md","6e9127bb9bd3e4b15c701e4ced9eef328769262cd34eadc221bebe954c1f3aef"
"md","write-document","bmm","bmm/1-analysis/bmad-agent-tech-writer/write-document.md","c0ddfd981f765b82cba0921dad331cd1fa32bacdeea1f02320edfd60a0ae7e6f"
"py","lint_spine","bmm","bmm/3-solutioning/bmad-architecture/scripts/lint_spine.py","040e0f1c13d31e6a21c518df943d1d7de7b75d8d98a07603b0983f3f3fb500db"
"py","test_lint_spine","bmm","bmm/3-solutioning/bmad-architecture/scripts/tests/test_lint_spine.py","e86bb9a62c5cca74ddc89c843386f2b992610fcc1792d40e03bc9cd445b77681"
"toml","customize","bmm","bmm/1-analysis/bmad-agent-analyst/customize.toml","7191f4a60ada7dbabe083699b2461f35778af7688924dc6ce05911cf1ffc9054"
"toml","customize","bmm","bmm/1-analysis/bmad-agent-tech-writer/customize.toml","bb828f2d26a136870099226f07c61297ce88ddd335823b7549592932bbe14a2e"
"toml","customize","bmm","bmm/1-analysis/bmad-document-project/customize.toml","3bbb5044fafdd865a5fe0863df116a479f30de7fb95c9cf4213f0b87ba1ba924"
"toml","customize","bmm","bmm/1-analysis/bmad-prfaq/customize.toml","8994f925bab65bd310e5ab38781286b6137f3e0c9e89f3ab8a2f480eb05e0de5"
"toml","customize","bmm","bmm/1-analysis/bmad-product-brief/customize.toml","cdd7b417de5b280ab5bd3af65f69654b05980b5efb48077563827c16391f42d6"
"toml","customize","bmm","bmm/1-analysis/research/bmad-domain-research/customize.toml","462ef14dc1e1f6d145fdfe25e315168fd1fa278ea5f87fe0fa86689234daec2f"
"toml","customize","bmm","bmm/1-analysis/research/bmad-market-research/customize.toml","f47af9158893dd3f7ab81ac03cb07d8c76342eead61ec7c9a8a463066b7db9af"
"toml","customize","bmm","bmm/1-analysis/research/bmad-technical-research/customize.toml","7f567fddb04674f817398addbc06e6d1620883d89dcc7ac643c5a56eef5ac337"
"toml","customize","bmm","bmm/2-plan-workflows/bmad-agent-pm/customize.toml","afc2250de25241ac3577c9827e1ee62d8c7a1913de8eb23aadfffb0aadbadc37"
"toml","customize","bmm","bmm/2-plan-workflows/bmad-agent-ux-designer/customize.toml","3df7da44945f9df34dbb3a64de086c756e6c298e73078e388e8f9a4f57cbf7ab"
"toml","customize","bmm","bmm/2-plan-workflows/bmad-create-prd/customize.toml","0c990af4c0a755402abbef893850bd542744a8b6f36c0587c9f3fb6dab6bf5e7"
"toml","customize","bmm","bmm/2-plan-workflows/bmad-edit-prd/customize.toml","35cc2dfb3eda73a0ae4dc987cac58867b25c43ce5c5a1bf552e215826ede6c22"
"toml","customize","bmm","bmm/2-plan-workflows/bmad-prd/customize.toml","5da1c87df2022c3e31f2c8e343dbead23356fbc5f5e9169eccd3102577ba295f"
"toml","customize","bmm","bmm/2-plan-workflows/bmad-ux/customize.toml","c6f94676004a24eed7ff1d546d5b7e7b3889b84d9bab6bbb56bc297d6eabaeb8"
"toml","customize","bmm","bmm/2-plan-workflows/bmad-validate-prd/customize.toml","bfb3c8af5b81b2cdb9bb84f844f1b0dafc40d8c283effa6ad48db966b9446cef"
"toml","customize","bmm","bmm/3-solutioning/bmad-agent-architect/customize.toml","d9763009d7c20246119c24bcea5eacebd21ad60c22ab191b74c9a5fb6e5f57ad"
"toml","customize","bmm","bmm/3-solutioning/bmad-architecture/customize.toml","137b418e1bb940411a6e77460a7c74af66a6ad732edcc7c7363746995b89e65d"
"toml","customize","bmm","bmm/3-solutioning/bmad-check-implementation-readiness/customize.toml","571d81087b7a6d914cf7c2f21aa26354eac385bb2f5cfeabc591892cbb98d036"
"toml","customize","bmm","bmm/3-solutioning/bmad-create-architecture/customize.toml","618be49b0286f18dfb4b6bac3d96bf1cf062994fa5278cd327be9898e651b43c"
"toml","customize","bmm","bmm/3-solutioning/bmad-create-epics-and-stories/customize.toml","da9e43605bc6aec83173050b5d37ede6aebfa9a17c5959a5029681d73e744ba3"
"toml","customize","bmm","bmm/3-solutioning/bmad-generate-project-context/customize.toml","00b6e893b93a1be7c04408f1824dad72c2c43ee02ba29210725e34394bf8225e"
"toml","customize","bmm","bmm/4-implementation/bmad-agent-dev/customize.toml","01a45ac2420f920cfc934de7b1a884b04017c85641085c93d9aada45d2dccf17"
"toml","customize","bmm","bmm/4-implementation/bmad-checkpoint-preview/customize.toml","1a1e0c3a8914adda3cec925eed51287e067c7f84120de64a8df53348e7b77de5"
"toml","customize","bmm","bmm/4-implementation/bmad-code-review/customize.toml","94ad662fdf3fda372c6e24b2cbda629d0b2aa851097d02afb5905c768b1a1cde"
"toml","customize","bmm","bmm/4-implementation/bmad-correct-course/customize.toml","78095d25afb5b2d4844956f61e9ac640a62d0245174fab9406e9c289f33fd84b"
"toml","customize","bmm","bmm/4-implementation/bmad-create-story/customize.toml","1204f6de064436922f2813069778eb4eaa5f1f945aa8ea5a5ffb87897a2ba8fe"
"toml","customize","bmm","bmm/4-implementation/bmad-dev-auto/customize.toml","bd4302195867ac47dd6bff16761ce1562cf2e480f52265cbf277877b316966da"
"toml","customize","bmm","bmm/4-implementation/bmad-dev-story/customize.toml","592fa7948c4614609a59b152518f518d35e0178d6aa7c22e169d78157fd9f5aa"
"toml","customize","bmm","bmm/4-implementation/bmad-qa-generate-e2e-tests/customize.toml","04a99926b2d79318b927434c7344dc666f143026ed99c7fcc0d6e3d68263ae66"
"toml","customize","bmm","bmm/4-implementation/bmad-quick-dev/customize.toml","ebb082e10f887a68f78ff7dbb000c4f0c71edd528a66eb651f988b9b0c35a372"
"toml","customize","bmm","bmm/4-implementation/bmad-retrospective/customize.toml","4ad7e7e7154b480eac7592d0ecc18680b9567471812e9687550be10d547fa7ff"
"toml","customize","bmm","bmm/4-implementation/bmad-sprint-planning/customize.toml","f7bde2f792e8604f26122ee792c5493e270710296044b07680db7d90e886caf3"
"toml","customize","bmm","bmm/4-implementation/bmad-sprint-status/customize.toml","96261fd227befaa4685b0a5091d3e85299d4ae8e4404176b42f5ef2e2fb501bd"
"yaml","config","bmm","bmm/config.yaml","0d52ac787f8e66217d55fbdcd61a460845fe20065ab59e5667190850dc66ba08"
"yaml","sprint-status-template","bmm","bmm/4-implementation/bmad-sprint-planning/sprint-status-template.yaml","317b65e5fc0844a96b99ea923a1672e8b1f354269a8fd305691be32976a86614"
"toml","config","config.toml","config.toml","2c3e7e5f7d903028fc34064b4958df2e9ccbf31f6de62e841fa6f73710e730a1"
"toml","config.user","config.user.toml","config.user.toml","51028e4b99e991c8da8f6b3453b7b27753e2280384e5c4656c7b2e559d42c9ea"
"csv","brain-methods","core","core/bmad-brainstorming/assets/brain-methods.csv","fff112eabca1a9cb8b190f8314bc47678becc5782a2372e11c83daa0e33b6dfd"
"csv","method-matrix","core","core/bmad-brainstorming/analysis/method-matrix.csv","d6c47ab85b9a134d34c35f9c715c553d6c410015f6cf4d107e6870fff6220c64"
"csv","methods","core","core/bmad-advanced-elicitation/methods.csv","d110ff5f076fb9421552b83692fde2c2d367734049169c7a55f7267a3dc7ef89"
"csv","module-help","core","core/module-help.csv","e801caeb1bf6484277867067c60be3c2aeec39beaa75254e64ddf8ce8f3b617d"
"html","brain-selector","core","core/bmad-brainstorming/assets/brain-selector.html","798f27c743b853424aa00d4e41af5c3b515b7a329d6806b5d0a5ebe15e0fbf4e"
"json","brain-icons","core","core/bmad-brainstorming/assets/brain-icons.json","a101c56e89f1d0f9e4131dfdfc19e10c746e3a61c3f92537d04a6f4897b7d331"
"md","catalog-analysis","core","core/bmad-brainstorming/analysis/catalog-analysis.md","d4e742da964674549c7f0c64db82c4e1938f8521e5cf0034c103fd08022e515c"
"md","converge","core","core/bmad-brainstorming/references/converge.md","1528c32ddc64f8061fec663306f7208d2fd4d4a90e660552b8138bda7e452dc0"
"md","create-party","core","core/bmad-party-mode/references/create-party.md","2f810332c36c17d14eb55717aed48f3020acf0713bb9f932479be9fbc3856e9e"
"md","deletion-check","core","core/bmad-review-edge-case-hunter/references/deletion-check.md","0f1f124e4e957147e89164a272b10bedc694ad0d9ad2618c8610ac74ee9cb0da"
"md","finalize","core","core/bmad-brainstorming/references/finalize.md","b6074e7fb4d86ffcf899abc50b9049b4a1f6fe550917f4be7a1c7a888477e07e"
"md","headless","core","core/bmad-brainstorming/references/headless.md","b8ea5951199cff7e4813e06aef35683ca0658230fa015e358cacc466b1138a42"
"md","headless-schemas","core","core/bmad-spec/assets/headless-schemas.md","83afb3614716db2347d83586a67b9c524492dd50db5282436ccb35c99fb5f08a"
"md","in-chat-techniques","core","core/bmad-brainstorming/references/in-chat-techniques.md","18239464e3e4f00ea9063d015d26d6b0a696b72e7e3c5be92352da6db9a3f244"
"md","mode-agent-team","core","core/bmad-party-mode/references/mode-agent-team.md","def759a17f4bb45463b68fb74c2b828b0a4241720b2b6cc1c9c611a1016ae9d7"
"md","mode-auto","core","core/bmad-party-mode/references/mode-auto.md","a37fd24f76dfcde385890d5c5947bb6f40ca44bea86c805d267b6ae3aab39f70"
"md","mode-autonomous","core","core/bmad-brainstorming/references/mode-autonomous.md","79fba5391ef293cebdbbdc765c7edeb3ccf60c04317fef964a4ea64d6b13f260"
"md","mode-facilitator","core","core/bmad-brainstorming/references/mode-facilitator.md","1b908498d285d190859aed00c3ba5b399d7f6aa8e94d54e95456d15cd6fe6073"
"md","mode-partner","core","core/bmad-brainstorming/references/mode-partner.md","caa0ed378c116def4de382f4e5a95173c6ae6cc5464f1792e7d8196360f79c8a"
"md","mode-subagent","core","core/bmad-party-mode/references/mode-subagent.md","86161b24a0b13b8f9cb9309042e4249d8caefff8cc33728b084cd2ec22f9d2e1"
"md","party-memory","core","core/bmad-party-mode/references/party-memory.md","800b4b4b920bb881a7b32aaabca8559a98273799b2476d83a23e290e301fb315"
"md","resume","core","core/bmad-brainstorming/references/resume.md","0f79535d72eefe6c55bd5ae47fe4753de8d27235cf129f10b2c596a124c26526"
"md","SKILL","core","core/bmad-advanced-elicitation/SKILL.md","705cc827cab892855d07dcc926f5c9f749c3abab33e915d6ac1574aec174896b"
"md","SKILL","core","core/bmad-brainstorming/SKILL.md","399ddc752fc786b501ba07fb4b4b038b3d2bb076d36496b6384ef85cf922dd59"
"md","SKILL","core","core/bmad-customize/SKILL.md","6461073f9322f5f2ec64477d6ae5e79c601e36e3160e492fef4bc2d928d4a9a8"
"md","SKILL","core","core/bmad-editorial-review-prose/SKILL.md","b3687fe80567378627bc2a0c5034ae8d65dfeedcf2b6c90da077f4feca462d0c"
"md","SKILL","core","core/bmad-editorial-review-structure/SKILL.md","164444359d74f695a84faf7ea558d0eef39c75561e6b26669f97a165c6f75538"
"md","SKILL","core","core/bmad-forge-idea/SKILL.md","c62ac3a30a4c7a32e3ffd28881d0e9128fc22de1570884d6572c8bfbb7d7db0e"
"md","SKILL","core","core/bmad-help/SKILL.md","718077d741e20d9c94f3c2b7827047f2d18a90b85c3cc2eecd449e28b7b0d642"
"md","SKILL","core","core/bmad-index-docs/SKILL.md","a855d7060414e73ca4fe8e1a3e1cc4d0f2ce394846e52340bdf5a1317e0d234a"
"md","SKILL","core","core/bmad-party-mode/SKILL.md","783fef00cf5a889c80d7bb4ca78ca2a6e4c4390cde290d2e253855cf723cb10a"
"md","SKILL","core","core/bmad-review-adversarial-general/SKILL.md","3b70b004b662c3a094328a8666e0084a94cb6de2e2a7336f23d31c65bca084e7"
"md","SKILL","core","core/bmad-review-edge-case-hunter/SKILL.md","03087a3f1e935f7a111bc2c8e1b44c2cf2cc05d9843e5af3c913a148c70d8c96"
"md","SKILL","core","core/bmad-shard-doc/SKILL.md","3a1538536514725fd4f31aded280ee56b9645fc61d114fd94aacb3ac52304e52"
"md","SKILL","core","core/bmad-spec/SKILL.md","a2baaf6b6bf000403a3b309b3dae48d328ece922e726541924585afbaf131b16"
"md","spec-template","core","core/bmad-spec/assets/spec-template.md","94ef029b842dfa7f296dab4ccf830f0b813af9995bf8bbdcdfc0783a60ee5ffe"
"py","brain","core","core/bmad-brainstorming/scripts/brain.py","b84770d5d55fa17bd99a2ab9076130874dfb7f8cd9b4283cd6413df097bc72b6"
"py","list_customizable_skills","core","core/bmad-customize/scripts/list_customizable_skills.py","8787f542930b927789e7fdf12bc5a67ff08e19865903a5ad05ff2cc8fc426b66"
"py","resolve_party","core","core/bmad-party-mode/scripts/resolve_party.py","663a1ffa8406564c2a08f210f144b08d323596b105b755ae795ca725384e32ac"
"py","resolve_personas","core","core/bmad-forge-idea/scripts/resolve_personas.py","3da694c23e5fb29fe25963e2ea0509e1dd6d8c9f70ac54b00d98044052fd1c6e"
"py","test_brain","core","core/bmad-brainstorming/scripts/tests/test_brain.py","5f150395d5aa95526eb1ded5b7a8bd624a577dd25ff060ac082db3cbb5cc0f77"
"py","test_list_customizable_skills","core","core/bmad-customize/scripts/tests/test_list_customizable_skills.py","24c3d384b3b5d490b7335c17866bfe0425af253ce669c32382fa88feb705934d"
"py","test_resolve_personas","core","core/bmad-forge-idea/scripts/tests/test_resolve_personas.py","1c4fa4b1d68bfbd10e4b38cad3c8286dad62345cebd08fe94a6862351b02855e"
"py","test-resolve_party","core","core/bmad-party-mode/scripts/tests/test-resolve_party.py","bb53fe03ec3013ed96c0fb399c1948f28bcf55cb2d7727fe0189343fcaa667d5"
"toml","customize","core","core/bmad-brainstorming/customize.toml","21fcbc60c78db99ca0424da192ba0942dce2189f350f77838e4d3ecd501edd1c"
"toml","customize","core","core/bmad-forge-idea/customize.toml","ef5fadd1df3550cae00b1b442606bf84d187bfd55397563f143e1057430df45c"
"toml","customize","core","core/bmad-party-mode/customize.toml","fee7fe153c853f949dca6ad20a7c78270fc91e3e88486aefbc9956cfb4c14a84"
"toml","customize","core","core/bmad-spec/customize.toml","b0181ba5d4038feb779a7a082a265df753220f868b66b5adb0fb2ed18401c763"
"yaml","config","core","core/config.yaml","5f5ae7f90265a172a186d2ab79f91e2593ffae34c4a029af9b9e9e0602e78d0c"
"yaml","config","render","render/config.yaml","ebb5ee0cc94caf6e3a48c68aede9775c753501b6c0a5ad25b5805ccfa2026f98"
"py","memlog","scripts","scripts/memlog.py","3b00f82ca33dc4227f715123b939514ee35c4f9c71150c894c3d8185df1b48df"
"py","resolve_config","scripts","scripts/resolve_config.py","f41149160898aea80a12861d149b10dc6b2d2b69d7d97eb65cad01f368adac03"
"py","resolve_customization","scripts","scripts/resolve_customization.py","23fb9040b08c7eb975aeabc4245ef50e158516f5082eebc9ae41700641338498"
"cjs","tea-enforce","tea","tea/workflows/testarch/bmad-testarch-framework/resources/hooks/tea-enforce.cjs","faf4a92cc5baa5cd36c30668431f0ac41d9c9d5fbddce61dce876e0ef6192d68"
"csv","module-help","tea","tea/module-help.csv","7014131eba852fd2017e0f55199abce0b450635738bc4359b41578c92cdda63f"
"csv","tea-index","tea","tea/agents/bmad-tea/resources/tea-index.csv","5fb1e2bbe2c7053135a6281b3535a14b71ac5ba159f763f45f8dc3f0564c2932"
"csv","tea-index","tea","tea/workflows/testarch/bmad-testarch-atdd/resources/tea-index.csv","5fb1e2bbe2c7053135a6281b3535a14b71ac5ba159f763f45f8dc3f0564c2932"
"csv","tea-index","tea","tea/workflows/testarch/bmad-testarch-automate/resources/tea-index.csv","5fb1e2bbe2c7053135a6281b3535a14b71ac5ba159f763f45f8dc3f0564c2932"
"csv","tea-index","tea","tea/workflows/testarch/bmad-testarch-ci/resources/tea-index.csv","5fb1e2bbe2c7053135a6281b3535a14b71ac5ba159f763f45f8dc3f0564c2932"
"csv","tea-index","tea","tea/workflows/testarch/bmad-testarch-framework/resources/tea-index.csv","5fb1e2bbe2c7053135a6281b3535a14b71ac5ba159f763f45f8dc3f0564c2932"
"csv","tea-index","tea","tea/workflows/testarch/bmad-testarch-nfr/resources/tea-index.csv","5fb1e2bbe2c7053135a6281b3535a14b71ac5ba159f763f45f8dc3f0564c2932"
"csv","tea-index","tea","tea/workflows/testarch/bmad-testarch-test-design/resources/tea-index.csv","5fb1e2bbe2c7053135a6281b3535a14b71ac5ba159f763f45f8dc3f0564c2932"
"csv","tea-index","tea","tea/workflows/testarch/bmad-testarch-test-review/resources/tea-index.csv","5fb1e2bbe2c7053135a6281b3535a14b71ac5ba159f763f45f8dc3f0564c2932"
"csv","tea-index","tea","tea/workflows/testarch/bmad-testarch-trace/resources/tea-index.csv","5fb1e2bbe2c7053135a6281b3535a14b71ac5ba159f763f45f8dc3f0564c2932"
"groovy","jenkins-pipeline-template","tea","tea/workflows/testarch/bmad-testarch-ci/jenkins-pipeline-template.groovy","f2b75c5ba3eda7537044909830ca674d794eaa929bcd032fcc2c523709b9bb77"
"json","live-verification-results.example","tea","tea/workflows/testarch/bmad-testarch-trace/resources/live-verification-results.example.json","4e26edafd39607ffce44eb45361b2f7516f4fad67ffcfd810bc00e04e3ccc017"
"md","adr-quality-readiness-checklist","tea","tea/agents/bmad-tea/resources/knowledge/adr-quality-readiness-checklist.md","a8129b16c3b2afbc1f58fe5edc73dc8f1291c172c6ca009d92f1947bef1a237e"
"md","adr-quality-readiness-checklist","tea","tea/workflows/testarch/bmad-testarch-atdd/resources/knowledge/adr-quality-readiness-checklist.md","a8129b16c3b2afbc1f58fe5edc73dc8f1291c172c6ca009d92f1947bef1a237e"
"md","adr-quality-readiness-checklist","tea","tea/workflows/testarch/bmad-testarch-automate/resources/knowledge/adr-quality-readiness-checklist.md","a8129b16c3b2afbc1f58fe5edc73dc8f1291c172c6ca009d92f1947bef1a237e"
"md","adr-quality-readiness-checklist","tea","tea/workflows/testarch/bmad-testarch-ci/resources/knowledge/adr-quality-readiness-checklist.md","a8129b16c3b2afbc1f58fe5edc73dc8f1291c172c6ca009d92f1947bef1a237e"
"md","adr-quality-readiness-checklist","tea","tea/workflows/testarch/bmad-testarch-framework/resources/knowledge/adr-quality-readiness-checklist.md","a8129b16c3b2afbc1f58fe5edc73dc8f1291c172c6ca009d92f1947bef1a237e"
"md","adr-quality-readiness-checklist","tea","tea/workflows/testarch/bmad-testarch-nfr/resources/knowledge/adr-quality-readiness-checklist.md","a8129b16c3b2afbc1f58fe5edc73dc8f1291c172c6ca009d92f1947bef1a237e"
"md","adr-quality-readiness-checklist","tea","tea/workflows/testarch/bmad-testarch-test-design/resources/knowledge/adr-quality-readiness-checklist.md","a8129b16c3b2afbc1f58fe5edc73dc8f1291c172c6ca009d92f1947bef1a237e"
"md","adr-quality-readiness-checklist","tea","tea/workflows/testarch/bmad-testarch-test-review/resources/knowledge/adr-quality-readiness-checklist.md","a8129b16c3b2afbc1f58fe5edc73dc8f1291c172c6ca009d92f1947bef1a237e"
"md","adr-quality-readiness-checklist","tea","tea/workflows/testarch/bmad-testarch-trace/resources/knowledge/adr-quality-readiness-checklist.md","a8129b16c3b2afbc1f58fe5edc73dc8f1291c172c6ca009d92f1947bef1a237e"
"md","api-request","tea","tea/agents/bmad-tea/resources/knowledge/api-request.md","28ef34b911b6d9cde3cb06367ecb6686f893236ed8f67975eaf6737f44f6e698"
"md","api-request","tea","tea/workflows/testarch/bmad-testarch-atdd/resources/knowledge/api-request.md","28ef34b911b6d9cde3cb06367ecb6686f893236ed8f67975eaf6737f44f6e698"
"md","api-request","tea","tea/workflows/testarch/bmad-testarch-automate/resources/knowledge/api-request.md","28ef34b911b6d9cde3cb06367ecb6686f893236ed8f67975eaf6737f44f6e698"
"md","api-request","tea","tea/workflows/testarch/bmad-testarch-ci/resources/knowledge/api-request.md","28ef34b911b6d9cde3cb06367ecb6686f893236ed8f67975eaf6737f44f6e698"
"md","api-request","tea","tea/workflows/testarch/bmad-testarch-framework/resources/knowledge/api-request.md","28ef34b911b6d9cde3cb06367ecb6686f893236ed8f67975eaf6737f44f6e698"
"md","api-request","tea","tea/workflows/testarch/bmad-testarch-nfr/resources/knowledge/api-request.md","28ef34b911b6d9cde3cb06367ecb6686f893236ed8f67975eaf6737f44f6e698"
"md","api-request","tea","tea/workflows/testarch/bmad-testarch-test-design/resources/knowledge/api-request.md","28ef34b911b6d9cde3cb06367ecb6686f893236ed8f67975eaf6737f44f6e698"
"md","api-request","tea","tea/workflows/testarch/bmad-testarch-test-review/resources/knowledge/api-request.md","28ef34b911b6d9cde3cb06367ecb6686f893236ed8f67975eaf6737f44f6e698"
"md","api-request","tea","tea/workflows/testarch/bmad-testarch-trace/resources/knowledge/api-request.md","28ef34b911b6d9cde3cb06367ecb6686f893236ed8f67975eaf6737f44f6e698"
"md","api-testing-patterns","tea","tea/agents/bmad-tea/resources/knowledge/api-testing-patterns.md","5753ac9095991fec29f51f78a4152d7a39b6ba8a80f36f13413a50ef1c19c16d"
"md","api-testing-patterns","tea","tea/workflows/testarch/bmad-testarch-atdd/resources/knowledge/api-testing-patterns.md","5753ac9095991fec29f51f78a4152d7a39b6ba8a80f36f13413a50ef1c19c16d"
"md","api-testing-patterns","tea","tea/workflows/testarch/bmad-testarch-automate/resources/knowledge/api-testing-patterns.md","5753ac9095991fec29f51f78a4152d7a39b6ba8a80f36f13413a50ef1c19c16d"
"md","api-testing-patterns","tea","tea/workflows/testarch/bmad-testarch-ci/resources/knowledge/api-testing-patterns.md","5753ac9095991fec29f51f78a4152d7a39b6ba8a80f36f13413a50ef1c19c16d"
"md","api-testing-patterns","tea","tea/workflows/testarch/bmad-testarch-framework/resources/knowledge/api-testing-patterns.md","5753ac9095991fec29f51f78a4152d7a39b6ba8a80f36f13413a50ef1c19c16d"
"md","api-testing-patterns","tea","tea/workflows/testarch/bmad-testarch-nfr/resources/knowledge/api-testing-patterns.md","5753ac9095991fec29f51f78a4152d7a39b6ba8a80f36f13413a50ef1c19c16d"
"md","api-testing-patterns","tea","tea/workflows/testarch/bmad-testarch-test-design/resources/knowledge/api-testing-patterns.md","5753ac9095991fec29f51f78a4152d7a39b6ba8a80f36f13413a50ef1c19c16d"
"md","api-testing-patterns","tea","tea/workflows/testarch/bmad-testarch-test-review/resources/knowledge/api-testing-patterns.md","5753ac9095991fec29f51f78a4152d7a39b6ba8a80f36f13413a50ef1c19c16d"
"md","api-testing-patterns","tea","tea/workflows/testarch/bmad-testarch-trace/resources/knowledge/api-testing-patterns.md","5753ac9095991fec29f51f78a4152d7a39b6ba8a80f36f13413a50ef1c19c16d"
"md","atdd-checklist-2-4-guest-checkout.example","tea","tea/workflows/testarch/bmad-testarch-atdd/resources/atdd-checklist-2-4-guest-checkout.example.md","d30ba5340fdcdefba14f51ec0d9f86a09340c9f63786fd982aea45b87895d77a"
"md","atdd-checklist-template","tea","tea/workflows/testarch/bmad-testarch-atdd/atdd-checklist-template.md","0e3bf28e90ebed75da01fd5a02101cf535333ddd641871c434c68455bbdeede7"
"md","auth-session","tea","tea/agents/bmad-tea/resources/knowledge/auth-session.md","3b2ba3cdd58cf3decb3d427623ed43e070ff926b1c45abc0e7d0823ea3b85b1f"
"md","auth-session","tea","tea/workflows/testarch/bmad-testarch-atdd/resources/knowledge/auth-session.md","3b2ba3cdd58cf3decb3d427623ed43e070ff926b1c45abc0e7d0823ea3b85b1f"
"md","auth-session","tea","tea/workflows/testarch/bmad-testarch-automate/resources/knowledge/auth-session.md","3b2ba3cdd58cf3decb3d427623ed43e070ff926b1c45abc0e7d0823ea3b85b1f"
"md","auth-session","tea","tea/workflows/testarch/bmad-testarch-ci/resources/knowledge/auth-session.md","3b2ba3cdd58cf3decb3d427623ed43e070ff926b1c45abc0e7d0823ea3b85b1f"
"md","auth-session","tea","tea/workflows/testarch/bmad-testarch-framework/resources/knowledge/auth-session.md","3b2ba3cdd58cf3decb3d427623ed43e070ff926b1c45abc0e7d0823ea3b85b1f"
"md","auth-session","tea","tea/workflows/testarch/bmad-testarch-nfr/resources/knowledge/auth-session.md","3b2ba3cdd58cf3decb3d427623ed43e070ff926b1c45abc0e7d0823ea3b85b1f"
"md","auth-session","tea","tea/workflows/testarch/bmad-testarch-test-design/resources/knowledge/auth-session.md","3b2ba3cdd58cf3decb3d427623ed43e070ff926b1c45abc0e7d0823ea3b85b1f"
"md","auth-session","tea","tea/workflows/testarch/bmad-testarch-test-review/resources/knowledge/auth-session.md","3b2ba3cdd58cf3decb3d427623ed43e070ff926b1c45abc0e7d0823ea3b85b1f"
"md","auth-session","tea","tea/workflows/testarch/bmad-testarch-trace/resources/knowledge/auth-session.md","3b2ba3cdd58cf3decb3d427623ed43e070ff926b1c45abc0e7d0823ea3b85b1f"
"md","automation-summary.example","tea","tea/workflows/testarch/bmad-testarch-automate/resources/automation-summary.example.md","c0b7a5117beeed570adc108be8ebdb59ede11a201616e10512f5ea3c9cc50216"
"md","burn-in","tea","tea/agents/bmad-tea/resources/knowledge/burn-in.md","8c305ebbc87d38c5a2787f2cd52133e43de400ad59b5adc6dd9aeca6ac89cbac"
"md","burn-in","tea","tea/workflows/testarch/bmad-testarch-atdd/resources/knowledge/burn-in.md","8c305ebbc87d38c5a2787f2cd52133e43de400ad59b5adc6dd9aeca6ac89cbac"
"md","burn-in","tea","tea/workflows/testarch/bmad-testarch-automate/resources/knowledge/burn-in.md","8c305ebbc87d38c5a2787f2cd52133e43de400ad59b5adc6dd9aeca6ac89cbac"
"md","burn-in","tea","tea/workflows/testarch/bmad-testarch-ci/resources/knowledge/burn-in.md","8c305ebbc87d38c5a2787f2cd52133e43de400ad59b5adc6dd9aeca6ac89cbac"
"md","burn-in","tea","tea/workflows/testarch/bmad-testarch-framework/resources/knowledge/burn-in.md","8c305ebbc87d38c5a2787f2cd52133e43de400ad59b5adc6dd9aeca6ac89cbac"
"md","burn-in","tea","tea/workflows/testarch/bmad-testarch-nfr/resources/knowledge/burn-in.md","8c305ebbc87d38c5a2787f2cd52133e43de400ad59b5adc6dd9aeca6ac89cbac"
"md","burn-in","tea","tea/workflows/testarch/bmad-testarch-test-design/resources/knowledge/burn-in.md","8c305ebbc87d38c5a2787f2cd52133e43de400ad59b5adc6dd9aeca6ac89cbac"
"md","burn-in","tea","tea/workflows/testarch/bmad-testarch-test-review/resources/knowledge/burn-in.md","8c305ebbc87d38c5a2787f2cd52133e43de400ad59b5adc6dd9aeca6ac89cbac"
"md","burn-in","tea","tea/workflows/testarch/bmad-testarch-trace/resources/knowledge/burn-in.md","8c305ebbc87d38c5a2787f2cd52133e43de400ad59b5adc6dd9aeca6ac89cbac"
"md","checklist","tea","tea/workflows/testarch/bmad-teach-me-testing/checklist.md","43bcd41178249213f634f1963e91949174aec7e7e2d9ce251685c4cd8b7f79b1"
"md","checklist","tea","tea/workflows/testarch/bmad-testarch-atdd/checklist.md","dfea764c01644b805017fdcd8902970dcf85971a56d60cab90366330719e78ee"
"md","checklist","tea","tea/workflows/testarch/bmad-testarch-automate/checklist.md","7d2ff94c027986b274d9ebf02b0606bcbb527937e2bfda7cbd944ff1db5d9d2b"
"md","checklist","tea","tea/workflows/testarch/bmad-testarch-ci/checklist.md","a8b45cb926b53b6e16419db396c6f4c21aafb9a4022698971bcbd8622e805037"
"md","checklist","tea","tea/workflows/testarch/bmad-testarch-framework/checklist.md","f70b1c9492bacf362a103174f155115c1feb61a7afc6fb936e266f09fbad04a8"
"md","checklist","tea","tea/workflows/testarch/bmad-testarch-nfr/checklist.md","4de30966e6539db2336d24119d036854ad2b5c74ddcc6c31b57d8e73c98a22bf"
"md","checklist","tea","tea/workflows/testarch/bmad-testarch-test-design/checklist.md","666de68abb41700cf68604da02f0f674b045b10484515d88079723b09ce0d46b"
"md","checklist","tea","tea/workflows/testarch/bmad-testarch-test-review/checklist.md","aabe54bbb8704fd19fe41e90581454ba9621a2f3e1c104219d75263882517283"
"md","checklist","tea","tea/workflows/testarch/bmad-testarch-trace/checklist.md","f0e331a6ed0840e6a9e3c2afe75f9bfa79cea1c0e88a9c33ac899310558c65d2"
"md","ci-burn-in","tea","tea/agents/bmad-tea/resources/knowledge/ci-burn-in.md","cc9ca53c62b910872e399ec1d378542e211e70563ddbce9aba84af253e0c74ac"
"md","ci-burn-in","tea","tea/workflows/testarch/bmad-testarch-atdd/resources/knowledge/ci-burn-in.md","cc9ca53c62b910872e399ec1d378542e211e70563ddbce9aba84af253e0c74ac"
"md","ci-burn-in","tea","tea/workflows/testarch/bmad-testarch-automate/resources/knowledge/ci-burn-in.md","cc9ca53c62b910872e399ec1d378542e211e70563ddbce9aba84af253e0c74ac"
"md","ci-burn-in","tea","tea/workflows/testarch/bmad-testarch-ci/resources/knowledge/ci-burn-in.md","cc9ca53c62b910872e399ec1d378542e211e70563ddbce9aba84af253e0c74ac"
"md","ci-burn-in","tea","tea/workflows/testarch/bmad-testarch-framework/resources/knowledge/ci-burn-in.md","cc9ca53c62b910872e399ec1d378542e211e70563ddbce9aba84af253e0c74ac"
"md","ci-burn-in","tea","tea/workflows/testarch/bmad-testarch-nfr/resources/knowledge/ci-burn-in.md","cc9ca53c62b910872e399ec1d378542e211e70563ddbce9aba84af253e0c74ac"
"md","ci-burn-in","tea","tea/workflows/testarch/bmad-testarch-test-design/resources/knowledge/ci-burn-in.md","cc9ca53c62b910872e399ec1d378542e211e70563ddbce9aba84af253e0c74ac"
"md","ci-burn-in","tea","tea/workflows/testarch/bmad-testarch-test-review/resources/knowledge/ci-burn-in.md","cc9ca53c62b910872e399ec1d378542e211e70563ddbce9aba84af253e0c74ac"
"md","ci-burn-in","tea","tea/workflows/testarch/bmad-testarch-trace/resources/knowledge/ci-burn-in.md","cc9ca53c62b910872e399ec1d378542e211e70563ddbce9aba84af253e0c74ac"
"md","ci-pipeline-progress.example","tea","tea/workflows/testarch/bmad-testarch-ci/resources/ci-pipeline-progress.example.md","c72d0a1cf0b1e3d2bad0c239f3c8a0dac2eabe33699efeb29fd787083d88bcf2"
"md","completion-summary-template","tea","tea/workflows/testarch/bmad-teach-me-testing/templates/completion-summary-template.md","4bfc07932b8e8620582cd4b3d36d0e69bcd563c71382fc927adc053830b91c4c"
"md","component-tdd","tea","tea/agents/bmad-tea/resources/knowledge/component-tdd.md","265907160c95c8d7b2e9c05304665b68f3267b817920fff8afb131ec04184edb"
"md","component-tdd","tea","tea/workflows/testarch/bmad-testarch-atdd/resources/knowledge/component-tdd.md","265907160c95c8d7b2e9c05304665b68f3267b817920fff8afb131ec04184edb"
"md","component-tdd","tea","tea/workflows/testarch/bmad-testarch-automate/resources/knowledge/component-tdd.md","265907160c95c8d7b2e9c05304665b68f3267b817920fff8afb131ec04184edb"
"md","component-tdd","tea","tea/workflows/testarch/bmad-testarch-ci/resources/knowledge/component-tdd.md","265907160c95c8d7b2e9c05304665b68f3267b817920fff8afb131ec04184edb"
"md","component-tdd","tea","tea/workflows/testarch/bmad-testarch-framework/resources/knowledge/component-tdd.md","265907160c95c8d7b2e9c05304665b68f3267b817920fff8afb131ec04184edb"
"md","component-tdd","tea","tea/workflows/testarch/bmad-testarch-nfr/resources/knowledge/component-tdd.md","265907160c95c8d7b2e9c05304665b68f3267b817920fff8afb131ec04184edb"
"md","component-tdd","tea","tea/workflows/testarch/bmad-testarch-test-design/resources/knowledge/component-tdd.md","265907160c95c8d7b2e9c05304665b68f3267b817920fff8afb131ec04184edb"
"md","component-tdd","tea","tea/workflows/testarch/bmad-testarch-test-review/resources/knowledge/component-tdd.md","265907160c95c8d7b2e9c05304665b68f3267b817920fff8afb131ec04184edb"
"md","component-tdd","tea","tea/workflows/testarch/bmad-testarch-trace/resources/knowledge/component-tdd.md","265907160c95c8d7b2e9c05304665b68f3267b817920fff8afb131ec04184edb"
"md","confidence-gate","tea","tea/agents/bmad-tea/resources/knowledge/confidence-gate.md","7f1efe0240565332e0c0cecf62e2ef1882ef8d800b9be64a6f622cee9a8fdfab"
"md","confidence-gate","tea","tea/workflows/testarch/bmad-testarch-atdd/resources/knowledge/confidence-gate.md","7f1efe0240565332e0c0cecf62e2ef1882ef8d800b9be64a6f622cee9a8fdfab"
"md","confidence-gate","tea","tea/workflows/testarch/bmad-testarch-automate/resources/knowledge/confidence-gate.md","7f1efe0240565332e0c0cecf62e2ef1882ef8d800b9be64a6f622cee9a8fdfab"
"md","confidence-gate","tea","tea/workflows/testarch/bmad-testarch-ci/resources/knowledge/confidence-gate.md","7f1efe0240565332e0c0cecf62e2ef1882ef8d800b9be64a6f622cee9a8fdfab"
"md","confidence-gate","tea","tea/workflows/testarch/bmad-testarch-framework/resources/knowledge/confidence-gate.md","7f1efe0240565332e0c0cecf62e2ef1882ef8d800b9be64a6f622cee9a8fdfab"
"md","confidence-gate","tea","tea/workflows/testarch/bmad-testarch-nfr/resources/knowledge/confidence-gate.md","7f1efe0240565332e0c0cecf62e2ef1882ef8d800b9be64a6f622cee9a8fdfab"
"md","confidence-gate","tea","tea/workflows/testarch/bmad-testarch-test-design/resources/knowledge/confidence-gate.md","7f1efe0240565332e0c0cecf62e2ef1882ef8d800b9be64a6f622cee9a8fdfab"
"md","confidence-gate","tea","tea/workflows/testarch/bmad-testarch-test-review/resources/knowledge/confidence-gate.md","7f1efe0240565332e0c0cecf62e2ef1882ef8d800b9be64a6f622cee9a8fdfab"
"md","confidence-gate","tea","tea/workflows/testarch/bmad-testarch-trace/resources/knowledge/confidence-gate.md","7f1efe0240565332e0c0cecf62e2ef1882ef8d800b9be64a6f622cee9a8fdfab"
"md","contract-testing","tea","tea/agents/bmad-tea/resources/knowledge/contract-testing.md","ab5e834cd76206d75f1db3b668c36d6f89191e8746d4e8046117c668b764b597"
"md","contract-testing","tea","tea/workflows/testarch/bmad-testarch-atdd/resources/knowledge/contract-testing.md","ab5e834cd76206d75f1db3b668c36d6f89191e8746d4e8046117c668b764b597"
"md","contract-testing","tea","tea/workflows/testarch/bmad-testarch-automate/resources/knowledge/contract-testing.md","ab5e834cd76206d75f1db3b668c36d6f89191e8746d4e8046117c668b764b597"
"md","contract-testing","tea","tea/workflows/testarch/bmad-testarch-ci/resources/knowledge/contract-testing.md","ab5e834cd76206d75f1db3b668c36d6f89191e8746d4e8046117c668b764b597"
"md","contract-testing","tea","tea/workflows/testarch/bmad-testarch-framework/resources/knowledge/contract-testing.md","ab5e834cd76206d75f1db3b668c36d6f89191e8746d4e8046117c668b764b597"
"md","contract-testing","tea","tea/workflows/testarch/bmad-testarch-nfr/resources/knowledge/contract-testing.md","ab5e834cd76206d75f1db3b668c36d6f89191e8746d4e8046117c668b764b597"
"md","contract-testing","tea","tea/workflows/testarch/bmad-testarch-test-design/resources/knowledge/contract-testing.md","ab5e834cd76206d75f1db3b668c36d6f89191e8746d4e8046117c668b764b597"
"md","contract-testing","tea","tea/workflows/testarch/bmad-testarch-test-review/resources/knowledge/contract-testing.md","ab5e834cd76206d75f1db3b668c36d6f89191e8746d4e8046117c668b764b597"
"md","contract-testing","tea","tea/workflows/testarch/bmad-testarch-trace/resources/knowledge/contract-testing.md","ab5e834cd76206d75f1db3b668c36d6f89191e8746d4e8046117c668b764b597"
"md","criteria-registry","tea","tea/workflows/testarch/bmad-testarch-test-review/steps-c/criteria-registry.md","9709a1779b75d3f547d3d8ecbef1460f03fc15fb508fe003b530759b151bd242"
"md","data-factories","tea","tea/agents/bmad-tea/resources/knowledge/data-factories.md","036572ce6222b98829c681c9c2cebc54fa89d670356e4bc7d50e402af91f587d"
"md","data-factories","tea","tea/workflows/testarch/bmad-testarch-atdd/resources/knowledge/data-factories.md","036572ce6222b98829c681c9c2cebc54fa89d670356e4bc7d50e402af91f587d"
"md","data-factories","tea","tea/workflows/testarch/bmad-testarch-automate/resources/knowledge/data-factories.md","036572ce6222b98829c681c9c2cebc54fa89d670356e4bc7d50e402af91f587d"
"md","data-factories","tea","tea/workflows/testarch/bmad-testarch-ci/resources/knowledge/data-factories.md","036572ce6222b98829c681c9c2cebc54fa89d670356e4bc7d50e402af91f587d"
"md","data-factories","tea","tea/workflows/testarch/bmad-testarch-framework/resources/knowledge/data-factories.md","036572ce6222b98829c681c9c2cebc54fa89d670356e4bc7d50e402af91f587d"
"md","data-factories","tea","tea/workflows/testarch/bmad-testarch-nfr/resources/knowledge/data-factories.md","036572ce6222b98829c681c9c2cebc54fa89d670356e4bc7d50e402af91f587d"
"md","data-factories","tea","tea/workflows/testarch/bmad-testarch-test-design/resources/knowledge/data-factories.md","036572ce6222b98829c681c9c2cebc54fa89d670356e4bc7d50e402af91f587d"
"md","data-factories","tea","tea/workflows/testarch/bmad-testarch-test-review/resources/knowledge/data-factories.md","036572ce6222b98829c681c9c2cebc54fa89d670356e4bc7d50e402af91f587d"
"md","data-factories","tea","tea/workflows/testarch/bmad-testarch-trace/resources/knowledge/data-factories.md","036572ce6222b98829c681c9c2cebc54fa89d670356e4bc7d50e402af91f587d"
"md","email-auth","tea","tea/agents/bmad-tea/resources/knowledge/email-auth.md","43f4cc3138a905a91f4a69f358be6664a790b192811b4dfc238188e826f6b41b"
"md","email-auth","tea","tea/workflows/testarch/bmad-testarch-atdd/resources/knowledge/email-auth.md","43f4cc3138a905a91f4a69f358be6664a790b192811b4dfc238188e826f6b41b"
"md","email-auth","tea","tea/workflows/testarch/bmad-testarch-automate/resources/knowledge/email-auth.md","43f4cc3138a905a91f4a69f358be6664a790b192811b4dfc238188e826f6b41b"
"md","email-auth","tea","tea/workflows/testarch/bmad-testarch-ci/resources/knowledge/email-auth.md","43f4cc3138a905a91f4a69f358be6664a790b192811b4dfc238188e826f6b41b"
"md","email-auth","tea","tea/workflows/testarch/bmad-testarch-framework/resources/knowledge/email-auth.md","43f4cc3138a905a91f4a69f358be6664a790b192811b4dfc238188e826f6b41b"
"md","email-auth","tea","tea/workflows/testarch/bmad-testarch-nfr/resources/knowledge/email-auth.md","43f4cc3138a905a91f4a69f358be6664a790b192811b4dfc238188e826f6b41b"
"md","email-auth","tea","tea/workflows/testarch/bmad-testarch-test-design/resources/knowledge/email-auth.md","43f4cc3138a905a91f4a69f358be6664a790b192811b4dfc238188e826f6b41b"
"md","email-auth","tea","tea/workflows/testarch/bmad-testarch-test-review/resources/knowledge/email-auth.md","43f4cc3138a905a91f4a69f358be6664a790b192811b4dfc238188e826f6b41b"
"md","email-auth","tea","tea/workflows/testarch/bmad-testarch-trace/resources/knowledge/email-auth.md","43f4cc3138a905a91f4a69f358be6664a790b192811b4dfc238188e826f6b41b"
"md","error-handling","tea","tea/agents/bmad-tea/resources/knowledge/error-handling.md","38975ebe2655b4d85035d8e740aef63fdef63dc31f9acf530142788060f62153"
"md","error-handling","tea","tea/workflows/testarch/bmad-testarch-atdd/resources/knowledge/error-handling.md","38975ebe2655b4d85035d8e740aef63fdef63dc31f9acf530142788060f62153"
"md","error-handling","tea","tea/workflows/testarch/bmad-testarch-automate/resources/knowledge/error-handling.md","38975ebe2655b4d85035d8e740aef63fdef63dc31f9acf530142788060f62153"
"md","error-handling","tea","tea/workflows/testarch/bmad-testarch-ci/resources/knowledge/error-handling.md","38975ebe2655b4d85035d8e740aef63fdef63dc31f9acf530142788060f62153"
"md","error-handling","tea","tea/workflows/testarch/bmad-testarch-framework/resources/knowledge/error-handling.md","38975ebe2655b4d85035d8e740aef63fdef63dc31f9acf530142788060f62153"
"md","error-handling","tea","tea/workflows/testarch/bmad-testarch-nfr/resources/knowledge/error-handling.md","38975ebe2655b4d85035d8e740aef63fdef63dc31f9acf530142788060f62153"
"md","error-handling","tea","tea/workflows/testarch/bmad-testarch-test-design/resources/knowledge/error-handling.md","38975ebe2655b4d85035d8e740aef63fdef63dc31f9acf530142788060f62153"
"md","error-handling","tea","tea/workflows/testarch/bmad-testarch-test-review/resources/knowledge/error-handling.md","38975ebe2655b4d85035d8e740aef63fdef63dc31f9acf530142788060f62153"
"md","error-handling","tea","tea/workflows/testarch/bmad-testarch-trace/resources/knowledge/error-handling.md","38975ebe2655b4d85035d8e740aef63fdef63dc31f9acf530142788060f62153"
"md","evidence-integrity","tea","tea/agents/bmad-tea/resources/knowledge/evidence-integrity.md","0fa16d90af59971f9d820b3db9ad8926ef87c70fd7675b365561954c65593633"
"md","evidence-integrity","tea","tea/workflows/testarch/bmad-testarch-atdd/resources/knowledge/evidence-integrity.md","0fa16d90af59971f9d820b3db9ad8926ef87c70fd7675b365561954c65593633"
"md","evidence-integrity","tea","tea/workflows/testarch/bmad-testarch-automate/resources/knowledge/evidence-integrity.md","0fa16d90af59971f9d820b3db9ad8926ef87c70fd7675b365561954c65593633"
"md","evidence-integrity","tea","tea/workflows/testarch/bmad-testarch-ci/resources/knowledge/evidence-integrity.md","0fa16d90af59971f9d820b3db9ad8926ef87c70fd7675b365561954c65593633"
"md","evidence-integrity","tea","tea/workflows/testarch/bmad-testarch-framework/resources/knowledge/evidence-integrity.md","0fa16d90af59971f9d820b3db9ad8926ef87c70fd7675b365561954c65593633"
"md","evidence-integrity","tea","tea/workflows/testarch/bmad-testarch-nfr/resources/knowledge/evidence-integrity.md","0fa16d90af59971f9d820b3db9ad8926ef87c70fd7675b365561954c65593633"
"md","evidence-integrity","tea","tea/workflows/testarch/bmad-testarch-test-design/resources/knowledge/evidence-integrity.md","0fa16d90af59971f9d820b3db9ad8926ef87c70fd7675b365561954c65593633"
"md","evidence-integrity","tea","tea/workflows/testarch/bmad-testarch-test-review/resources/knowledge/evidence-integrity.md","0fa16d90af59971f9d820b3db9ad8926ef87c70fd7675b365561954c65593633"
"md","evidence-integrity","tea","tea/workflows/testarch/bmad-testarch-trace/resources/knowledge/evidence-integrity.md","0fa16d90af59971f9d820b3db9ad8926ef87c70fd7675b365561954c65593633"
"md","feature-flags","tea","tea/agents/bmad-tea/resources/knowledge/feature-flags.md","5b3cf037169719e69d468ff2ecfc94711bc41fd3e330c6f81a404163bb09fdba"
"md","feature-flags","tea","tea/workflows/testarch/bmad-testarch-atdd/resources/knowledge/feature-flags.md","5b3cf037169719e69d468ff2ecfc94711bc41fd3e330c6f81a404163bb09fdba"
"md","feature-flags","tea","tea/workflows/testarch/bmad-testarch-automate/resources/knowledge/feature-flags.md","5b3cf037169719e69d468ff2ecfc94711bc41fd3e330c6f81a404163bb09fdba"
"md","feature-flags","tea","tea/workflows/testarch/bmad-testarch-ci/resources/knowledge/feature-flags.md","5b3cf037169719e69d468ff2ecfc94711bc41fd3e330c6f81a404163bb09fdba"
"md","feature-flags","tea","tea/workflows/testarch/bmad-testarch-framework/resources/knowledge/feature-flags.md","5b3cf037169719e69d468ff2ecfc94711bc41fd3e330c6f81a404163bb09fdba"
"md","feature-flags","tea","tea/workflows/testarch/bmad-testarch-nfr/resources/knowledge/feature-flags.md","5b3cf037169719e69d468ff2ecfc94711bc41fd3e330c6f81a404163bb09fdba"
"md","feature-flags","tea","tea/workflows/testarch/bmad-testarch-test-design/resources/knowledge/feature-flags.md","5b3cf037169719e69d468ff2ecfc94711bc41fd3e330c6f81a404163bb09fdba"
"md","feature-flags","tea","tea/workflows/testarch/bmad-testarch-test-review/resources/knowledge/feature-flags.md","5b3cf037169719e69d468ff2ecfc94711bc41fd3e330c6f81a404163bb09fdba"
"md","feature-flags","tea","tea/workflows/testarch/bmad-testarch-trace/resources/knowledge/feature-flags.md","5b3cf037169719e69d468ff2ecfc94711bc41fd3e330c6f81a404163bb09fdba"
"md","file-utils","tea","tea/agents/bmad-tea/resources/knowledge/file-utils.md","7d1092930118fb160b9c0a4a48c398d9b08bb909d1e2432662d8e81e1e3b0087"
"md","file-utils","tea","tea/workflows/testarch/bmad-testarch-atdd/resources/knowledge/file-utils.md","7d1092930118fb160b9c0a4a48c398d9b08bb909d1e2432662d8e81e1e3b0087"
"md","file-utils","tea","tea/workflows/testarch/bmad-testarch-automate/resources/knowledge/file-utils.md","7d1092930118fb160b9c0a4a48c398d9b08bb909d1e2432662d8e81e1e3b0087"
"md","file-utils","tea","tea/workflows/testarch/bmad-testarch-ci/resources/knowledge/file-utils.md","7d1092930118fb160b9c0a4a48c398d9b08bb909d1e2432662d8e81e1e3b0087"
"md","file-utils","tea","tea/workflows/testarch/bmad-testarch-framework/resources/knowledge/file-utils.md","7d1092930118fb160b9c0a4a48c398d9b08bb909d1e2432662d8e81e1e3b0087"
"md","file-utils","tea","tea/workflows/testarch/bmad-testarch-nfr/resources/knowledge/file-utils.md","7d1092930118fb160b9c0a4a48c398d9b08bb909d1e2432662d8e81e1e3b0087"
"md","file-utils","tea","tea/workflows/testarch/bmad-testarch-test-design/resources/knowledge/file-utils.md","7d1092930118fb160b9c0a4a48c398d9b08bb909d1e2432662d8e81e1e3b0087"
"md","file-utils","tea","tea/workflows/testarch/bmad-testarch-test-review/resources/knowledge/file-utils.md","7d1092930118fb160b9c0a4a48c398d9b08bb909d1e2432662d8e81e1e3b0087"
"md","file-utils","tea","tea/workflows/testarch/bmad-testarch-trace/resources/knowledge/file-utils.md","7d1092930118fb160b9c0a4a48c398d9b08bb909d1e2432662d8e81e1e3b0087"
"md","fixture-architecture","tea","tea/agents/bmad-tea/resources/knowledge/fixture-architecture.md","c0c62381e7a0385fe0d8b59861a3756994d3bbc673e4605ded9607d5217c7e55"
"md","fixture-architecture","tea","tea/workflows/testarch/bmad-testarch-atdd/resources/knowledge/fixture-architecture.md","c0c62381e7a0385fe0d8b59861a3756994d3bbc673e4605ded9607d5217c7e55"
"md","fixture-architecture","tea","tea/workflows/testarch/bmad-testarch-automate/resources/knowledge/fixture-architecture.md","c0c62381e7a0385fe0d8b59861a3756994d3bbc673e4605ded9607d5217c7e55"
"md","fixture-architecture","tea","tea/workflows/testarch/bmad-testarch-ci/resources/knowledge/fixture-architecture.md","c0c62381e7a0385fe0d8b59861a3756994d3bbc673e4605ded9607d5217c7e55"
"md","fixture-architecture","tea","tea/workflows/testarch/bmad-testarch-framework/resources/knowledge/fixture-architecture.md","c0c62381e7a0385fe0d8b59861a3756994d3bbc673e4605ded9607d5217c7e55"
"md","fixture-architecture","tea","tea/workflows/testarch/bmad-testarch-nfr/resources/knowledge/fixture-architecture.md","c0c62381e7a0385fe0d8b59861a3756994d3bbc673e4605ded9607d5217c7e55"
"md","fixture-architecture","tea","tea/workflows/testarch/bmad-testarch-test-design/resources/knowledge/fixture-architecture.md","c0c62381e7a0385fe0d8b59861a3756994d3bbc673e4605ded9607d5217c7e55"
"md","fixture-architecture","tea","tea/workflows/testarch/bmad-testarch-test-review/resources/knowledge/fixture-architecture.md","c0c62381e7a0385fe0d8b59861a3756994d3bbc673e4605ded9607d5217c7e55"
"md","fixture-architecture","tea","tea/workflows/testarch/bmad-testarch-trace/resources/knowledge/fixture-architecture.md","c0c62381e7a0385fe0d8b59861a3756994d3bbc673e4605ded9607d5217c7e55"
"md","fixtures-composition","tea","tea/agents/bmad-tea/resources/knowledge/fixtures-composition.md","4a6e655e78ffeaedfa6f2919b14735c5d83d177db75745595bb3ab8d7a004c2b"
"md","fixtures-composition","tea","tea/workflows/testarch/bmad-testarch-atdd/resources/knowledge/fixtures-composition.md","4a6e655e78ffeaedfa6f2919b14735c5d83d177db75745595bb3ab8d7a004c2b"
"md","fixtures-composition","tea","tea/workflows/testarch/bmad-testarch-automate/resources/knowledge/fixtures-composition.md","4a6e655e78ffeaedfa6f2919b14735c5d83d177db75745595bb3ab8d7a004c2b"
"md","fixtures-composition","tea","tea/workflows/testarch/bmad-testarch-ci/resources/knowledge/fixtures-composition.md","4a6e655e78ffeaedfa6f2919b14735c5d83d177db75745595bb3ab8d7a004c2b"
"md","fixtures-composition","tea","tea/workflows/testarch/bmad-testarch-framework/resources/knowledge/fixtures-composition.md","4a6e655e78ffeaedfa6f2919b14735c5d83d177db75745595bb3ab8d7a004c2b"
"md","fixtures-composition","tea","tea/workflows/testarch/bmad-testarch-nfr/resources/knowledge/fixtures-composition.md","4a6e655e78ffeaedfa6f2919b14735c5d83d177db75745595bb3ab8d7a004c2b"
"md","fixtures-composition","tea","tea/workflows/testarch/bmad-testarch-test-design/resources/knowledge/fixtures-composition.md","4a6e655e78ffeaedfa6f2919b14735c5d83d177db75745595bb3ab8d7a004c2b"
"md","fixtures-composition","tea","tea/workflows/testarch/bmad-testarch-test-review/resources/knowledge/fixtures-composition.md","4a6e655e78ffeaedfa6f2919b14735c5d83d177db75745595bb3ab8d7a004c2b"
"md","fixtures-composition","tea","tea/workflows/testarch/bmad-testarch-trace/resources/knowledge/fixtures-composition.md","4a6e655e78ffeaedfa6f2919b14735c5d83d177db75745595bb3ab8d7a004c2b"
"md","framework-setup-progress.example","tea","tea/workflows/testarch/bmad-testarch-framework/resources/framework-setup-progress.example.md","5a69a2373e84b0bfed1bf0400e9a34d4cc4137bcf28b3e80fb57c9eb935f5ced"
"md","instructions","tea","tea/workflows/testarch/bmad-teach-me-testing/instructions.md","8312032fbe11c311a25e24168e043032999bac32e24f3df3a9defe6585f87ad0"
"md","instructions","tea","tea/workflows/testarch/bmad-testarch-atdd/instructions.md","930807db5daa3a366fa9c5644a99ebae8018dce5c15fe87a6bc85506fff141bb"
"md","instructions","tea","tea/workflows/testarch/bmad-testarch-automate/instructions.md","75fa59f76165af6a4279e4a39c754b97dbd9ce17eec6b71672d126edec974d51"
"md","instructions","tea","tea/workflows/testarch/bmad-testarch-ci/instructions.md","cd8905705533b59d860b40bcac0f1f2769369ede753a2ca91fe722e6f7b42cdc"
"md","instructions","tea","tea/workflows/testarch/bmad-testarch-framework/instructions.md","767733b4bbfcd8d1da152fa4daec859d4a4966a1df862a25369fba0d58fac7c5"
"md","instructions","tea","tea/workflows/testarch/bmad-testarch-nfr/instructions.md","e1b76e269125ddbf076c31101795a9f097f6cc38305dac0a0df280549eff1700"
"md","instructions","tea","tea/workflows/testarch/bmad-testarch-test-design/instructions.md","12f69b8730f15da16cad6b1bb3a82970e759ea9928f23bc4b4e400c7e5850634"
"md","instructions","tea","tea/workflows/testarch/bmad-testarch-test-review/instructions.md","8011cbde48324b8c072b05d5cb8ec48e2dd69a1390560f38a5fbcb9f1786e38b"
"md","instructions","tea","tea/workflows/testarch/bmad-testarch-trace/instructions.md","da34be7e45033cd88c6123a9be21e6e0db0ab5342ef64342fa62cef376b92f20"
"md","intercept-network-call","tea","tea/agents/bmad-tea/resources/knowledge/intercept-network-call.md","ac8213cc28a9f9c452a6fb419356dd1d66ce495d7f29d188fcb1bb51456ba869"
"md","intercept-network-call","tea","tea/workflows/testarch/bmad-testarch-atdd/resources/knowledge/intercept-network-call.md","ac8213cc28a9f9c452a6fb419356dd1d66ce495d7f29d188fcb1bb51456ba869"
"md","intercept-network-call","tea","tea/workflows/testarch/bmad-testarch-automate/resources/knowledge/intercept-network-call.md","ac8213cc28a9f9c452a6fb419356dd1d66ce495d7f29d188fcb1bb51456ba869"
"md","intercept-network-call","tea","tea/workflows/testarch/bmad-testarch-ci/resources/knowledge/intercept-network-call.md","ac8213cc28a9f9c452a6fb419356dd1d66ce495d7f29d188fcb1bb51456ba869"
"md","intercept-network-call","tea","tea/workflows/testarch/bmad-testarch-framework/resources/knowledge/intercept-network-call.md","ac8213cc28a9f9c452a6fb419356dd1d66ce495d7f29d188fcb1bb51456ba869"
"md","intercept-network-call","tea","tea/workflows/testarch/bmad-testarch-nfr/resources/knowledge/intercept-network-call.md","ac8213cc28a9f9c452a6fb419356dd1d66ce495d7f29d188fcb1bb51456ba869"
"md","intercept-network-call","tea","tea/workflows/testarch/bmad-testarch-test-design/resources/knowledge/intercept-network-call.md","ac8213cc28a9f9c452a6fb419356dd1d66ce495d7f29d188fcb1bb51456ba869"
"md","intercept-network-call","tea","tea/workflows/testarch/bmad-testarch-test-review/resources/knowledge/intercept-network-call.md","ac8213cc28a9f9c452a6fb419356dd1d66ce495d7f29d188fcb1bb51456ba869"
"md","intercept-network-call","tea","tea/workflows/testarch/bmad-testarch-trace/resources/knowledge/intercept-network-call.md","ac8213cc28a9f9c452a6fb419356dd1d66ce495d7f29d188fcb1bb51456ba869"
"md","library-integration-mandate","tea","tea/agents/bmad-tea/resources/knowledge/library-integration-mandate.md","b38d83dff663fe8f5d2fcbd8d7108d316cdacb1c919b47a4b7a5ffee1e7c4c91"
"md","library-integration-mandate","tea","tea/workflows/testarch/bmad-testarch-atdd/resources/knowledge/library-integration-mandate.md","b38d83dff663fe8f5d2fcbd8d7108d316cdacb1c919b47a4b7a5ffee1e7c4c91"
"md","library-integration-mandate","tea","tea/workflows/testarch/bmad-testarch-automate/resources/knowledge/library-integration-mandate.md","b38d83dff663fe8f5d2fcbd8d7108d316cdacb1c919b47a4b7a5ffee1e7c4c91"
"md","library-integration-mandate","tea","tea/workflows/testarch/bmad-testarch-ci/resources/knowledge/library-integration-mandate.md","b38d83dff663fe8f5d2fcbd8d7108d316cdacb1c919b47a4b7a5ffee1e7c4c91"
"md","library-integration-mandate","tea","tea/workflows/testarch/bmad-testarch-framework/resources/knowledge/library-integration-mandate.md","b38d83dff663fe8f5d2fcbd8d7108d316cdacb1c919b47a4b7a5ffee1e7c4c91"
"md","library-integration-mandate","tea","tea/workflows/testarch/bmad-testarch-nfr/resources/knowledge/library-integration-mandate.md","b38d83dff663fe8f5d2fcbd8d7108d316cdacb1c919b47a4b7a5ffee1e7c4c91"
"md","library-integration-mandate","tea","tea/workflows/testarch/bmad-testarch-test-design/resources/knowledge/library-integration-mandate.md","b38d83dff663fe8f5d2fcbd8d7108d316cdacb1c919b47a4b7a5ffee1e7c4c91"
"md","library-integration-mandate","tea","tea/workflows/testarch/bmad-testarch-test-review/resources/knowledge/library-integration-mandate.md","b38d83dff663fe8f5d2fcbd8d7108d316cdacb1c919b47a4b7a5ffee1e7c4c91"
"md","library-integration-mandate","tea","tea/workflows/testarch/bmad-testarch-trace/resources/knowledge/library-integration-mandate.md","b38d83dff663fe8f5d2fcbd8d7108d316cdacb1c919b47a4b7a5ffee1e7c4c91"
"md","log","tea","tea/agents/bmad-tea/resources/knowledge/log.md","ef73615ce4535d4571567191ee9dc382cb87fd1eb75d3ee7e62f8f5dc9ca4c46"
"md","log","tea","tea/workflows/testarch/bmad-testarch-atdd/resources/knowledge/log.md","ef73615ce4535d4571567191ee9dc382cb87fd1eb75d3ee7e62f8f5dc9ca4c46"
"md","log","tea","tea/workflows/testarch/bmad-testarch-automate/resources/knowledge/log.md","ef73615ce4535d4571567191ee9dc382cb87fd1eb75d3ee7e62f8f5dc9ca4c46"
"md","log","tea","tea/workflows/testarch/bmad-testarch-ci/resources/knowledge/log.md","ef73615ce4535d4571567191ee9dc382cb87fd1eb75d3ee7e62f8f5dc9ca4c46"
"md","log","tea","tea/workflows/testarch/bmad-testarch-framework/resources/knowledge/log.md","ef73615ce4535d4571567191ee9dc382cb87fd1eb75d3ee7e62f8f5dc9ca4c46"
"md","log","tea","tea/workflows/testarch/bmad-testarch-nfr/resources/knowledge/log.md","ef73615ce4535d4571567191ee9dc382cb87fd1eb75d3ee7e62f8f5dc9ca4c46"
"md","log","tea","tea/workflows/testarch/bmad-testarch-test-design/resources/knowledge/log.md","ef73615ce4535d4571567191ee9dc382cb87fd1eb75d3ee7e62f8f5dc9ca4c46"
"md","log","tea","tea/workflows/testarch/bmad-testarch-test-review/resources/knowledge/log.md","ef73615ce4535d4571567191ee9dc382cb87fd1eb75d3ee7e62f8f5dc9ca4c46"
"md","log","tea","tea/workflows/testarch/bmad-testarch-trace/resources/knowledge/log.md","ef73615ce4535d4571567191ee9dc382cb87fd1eb75d3ee7e62f8f5dc9ca4c46"
"md","maestro-flows","tea","tea/agents/bmad-tea/resources/knowledge/maestro-flows.md","02b1fff0e463708db474310792fd88a98dc425c621bac9cb3b7b7f1fbd47c3d3"
"md","maestro-flows","tea","tea/workflows/testarch/bmad-testarch-atdd/resources/knowledge/maestro-flows.md","02b1fff0e463708db474310792fd88a98dc425c621bac9cb3b7b7f1fbd47c3d3"
"md","maestro-flows","tea","tea/workflows/testarch/bmad-testarch-automate/resources/knowledge/maestro-flows.md","02b1fff0e463708db474310792fd88a98dc425c621bac9cb3b7b7f1fbd47c3d3"
"md","maestro-flows","tea","tea/workflows/testarch/bmad-testarch-ci/resources/knowledge/maestro-flows.md","02b1fff0e463708db474310792fd88a98dc425c621bac9cb3b7b7f1fbd47c3d3"
"md","maestro-flows","tea","tea/workflows/testarch/bmad-testarch-framework/resources/knowledge/maestro-flows.md","02b1fff0e463708db474310792fd88a98dc425c621bac9cb3b7b7f1fbd47c3d3"
"md","maestro-flows","tea","tea/workflows/testarch/bmad-testarch-nfr/resources/knowledge/maestro-flows.md","02b1fff0e463708db474310792fd88a98dc425c621bac9cb3b7b7f1fbd47c3d3"
"md","maestro-flows","tea","tea/workflows/testarch/bmad-testarch-test-design/resources/knowledge/maestro-flows.md","02b1fff0e463708db474310792fd88a98dc425c621bac9cb3b7b7f1fbd47c3d3"
"md","maestro-flows","tea","tea/workflows/testarch/bmad-testarch-test-review/resources/knowledge/maestro-flows.md","02b1fff0e463708db474310792fd88a98dc425c621bac9cb3b7b7f1fbd47c3d3"
"md","maestro-flows","tea","tea/workflows/testarch/bmad-testarch-trace/resources/knowledge/maestro-flows.md","02b1fff0e463708db474310792fd88a98dc425c621bac9cb3b7b7f1fbd47c3d3"
"md","mobile-ci-device-lab","tea","tea/agents/bmad-tea/resources/knowledge/mobile-ci-device-lab.md","0d992898bd8e1b1d047285097047bc5078528f2d3f6e6c2f61e6339cca71454e"
"md","mobile-ci-device-lab","tea","tea/workflows/testarch/bmad-testarch-atdd/resources/knowledge/mobile-ci-device-lab.md","0d992898bd8e1b1d047285097047bc5078528f2d3f6e6c2f61e6339cca71454e"
"md","mobile-ci-device-lab","tea","tea/workflows/testarch/bmad-testarch-automate/resources/knowledge/mobile-ci-device-lab.md","0d992898bd8e1b1d047285097047bc5078528f2d3f6e6c2f61e6339cca71454e"
"md","mobile-ci-device-lab","tea","tea/workflows/testarch/bmad-testarch-ci/resources/knowledge/mobile-ci-device-lab.md","0d992898bd8e1b1d047285097047bc5078528f2d3f6e6c2f61e6339cca71454e"
"md","mobile-ci-device-lab","tea","tea/workflows/testarch/bmad-testarch-framework/resources/knowledge/mobile-ci-device-lab.md","0d992898bd8e1b1d047285097047bc5078528f2d3f6e6c2f61e6339cca71454e"
"md","mobile-ci-device-lab","tea","tea/workflows/testarch/bmad-testarch-nfr/resources/knowledge/mobile-ci-device-lab.md","0d992898bd8e1b1d047285097047bc5078528f2d3f6e6c2f61e6339cca71454e"
"md","mobile-ci-device-lab","tea","tea/workflows/testarch/bmad-testarch-test-design/resources/knowledge/mobile-ci-device-lab.md","0d992898bd8e1b1d047285097047bc5078528f2d3f6e6c2f61e6339cca71454e"
"md","mobile-ci-device-lab","tea","tea/workflows/testarch/bmad-testarch-test-review/resources/knowledge/mobile-ci-device-lab.md","0d992898bd8e1b1d047285097047bc5078528f2d3f6e6c2f61e6339cca71454e"
"md","mobile-ci-device-lab","tea","tea/workflows/testarch/bmad-testarch-trace/resources/knowledge/mobile-ci-device-lab.md","0d992898bd8e1b1d047285097047bc5078528f2d3f6e6c2f61e6339cca71454e"
"md","mobile-test-strategy","tea","tea/agents/bmad-tea/resources/knowledge/mobile-test-strategy.md","88a64fe99b2de58fd5b31109f73a2f3abf52e6c15738e770af753bd049a90344"
"md","mobile-test-strategy","tea","tea/workflows/testarch/bmad-testarch-atdd/resources/knowledge/mobile-test-strategy.md","88a64fe99b2de58fd5b31109f73a2f3abf52e6c15738e770af753bd049a90344"
"md","mobile-test-strategy","tea","tea/workflows/testarch/bmad-testarch-automate/resources/knowledge/mobile-test-strategy.md","88a64fe99b2de58fd5b31109f73a2f3abf52e6c15738e770af753bd049a90344"
"md","mobile-test-strategy","tea","tea/workflows/testarch/bmad-testarch-ci/resources/knowledge/mobile-test-strategy.md","88a64fe99b2de58fd5b31109f73a2f3abf52e6c15738e770af753bd049a90344"
"md","mobile-test-strategy","tea","tea/workflows/testarch/bmad-testarch-framework/resources/knowledge/mobile-test-strategy.md","88a64fe99b2de58fd5b31109f73a2f3abf52e6c15738e770af753bd049a90344"
"md","mobile-test-strategy","tea","tea/workflows/testarch/bmad-testarch-nfr/resources/knowledge/mobile-test-strategy.md","88a64fe99b2de58fd5b31109f73a2f3abf52e6c15738e770af753bd049a90344"
"md","mobile-test-strategy","tea","tea/workflows/testarch/bmad-testarch-test-design/resources/knowledge/mobile-test-strategy.md","88a64fe99b2de58fd5b31109f73a2f3abf52e6c15738e770af753bd049a90344"
"md","mobile-test-strategy","tea","tea/workflows/testarch/bmad-testarch-test-review/resources/knowledge/mobile-test-strategy.md","88a64fe99b2de58fd5b31109f73a2f3abf52e6c15738e770af753bd049a90344"
"md","mobile-test-strategy","tea","tea/workflows/testarch/bmad-testarch-trace/resources/knowledge/mobile-test-strategy.md","88a64fe99b2de58fd5b31109f73a2f3abf52e6c15738e770af753bd049a90344"
"md","network-error-monitor","tea","tea/agents/bmad-tea/resources/knowledge/network-error-monitor.md","4bb78d35d4607cdfacf19919b52d334ea96ffd7ef85e1537a3eb5c51cff91b43"
"md","network-error-monitor","tea","tea/workflows/testarch/bmad-testarch-atdd/resources/knowledge/network-error-monitor.md","4bb78d35d4607cdfacf19919b52d334ea96ffd7ef85e1537a3eb5c51cff91b43"
"md","network-error-monitor","tea","tea/workflows/testarch/bmad-testarch-automate/resources/knowledge/network-error-monitor.md","4bb78d35d4607cdfacf19919b52d334ea96ffd7ef85e1537a3eb5c51cff91b43"
"md","network-error-monitor","tea","tea/workflows/testarch/bmad-testarch-ci/resources/knowledge/network-error-monitor.md","4bb78d35d4607cdfacf19919b52d334ea96ffd7ef85e1537a3eb5c51cff91b43"
"md","network-error-monitor","tea","tea/workflows/testarch/bmad-testarch-framework/resources/knowledge/network-error-monitor.md","4bb78d35d4607cdfacf19919b52d334ea96ffd7ef85e1537a3eb5c51cff91b43"
"md","network-error-monitor","tea","tea/workflows/testarch/bmad-testarch-nfr/resources/knowledge/network-error-monitor.md","4bb78d35d4607cdfacf19919b52d334ea96ffd7ef85e1537a3eb5c51cff91b43"
"md","network-error-monitor","tea","tea/workflows/testarch/bmad-testarch-test-design/resources/knowledge/network-error-monitor.md","4bb78d35d4607cdfacf19919b52d334ea96ffd7ef85e1537a3eb5c51cff91b43"
"md","network-error-monitor","tea","tea/workflows/testarch/bmad-testarch-test-review/resources/knowledge/network-error-monitor.md","4bb78d35d4607cdfacf19919b52d334ea96ffd7ef85e1537a3eb5c51cff91b43"
"md","network-error-monitor","tea","tea/workflows/testarch/bmad-testarch-trace/resources/knowledge/network-error-monitor.md","4bb78d35d4607cdfacf19919b52d334ea96ffd7ef85e1537a3eb5c51cff91b43"
"md","network-first","tea","tea/agents/bmad-tea/resources/knowledge/network-first.md","2920e58e145626f5505bcb75e263dbd0e6ac79a8c4c2ec138f5329e06a6ac014"
"md","network-first","tea","tea/workflows/testarch/bmad-testarch-atdd/resources/knowledge/network-first.md","2920e58e145626f5505bcb75e263dbd0e6ac79a8c4c2ec138f5329e06a6ac014"
"md","network-first","tea","tea/workflows/testarch/bmad-testarch-automate/resources/knowledge/network-first.md","2920e58e145626f5505bcb75e263dbd0e6ac79a8c4c2ec138f5329e06a6ac014"
"md","network-first","tea","tea/workflows/testarch/bmad-testarch-ci/resources/knowledge/network-first.md","2920e58e145626f5505bcb75e263dbd0e6ac79a8c4c2ec138f5329e06a6ac014"
"md","network-first","tea","tea/workflows/testarch/bmad-testarch-framework/resources/knowledge/network-first.md","2920e58e145626f5505bcb75e263dbd0e6ac79a8c4c2ec138f5329e06a6ac014"
"md","network-first","tea","tea/workflows/testarch/bmad-testarch-nfr/resources/knowledge/network-first.md","2920e58e145626f5505bcb75e263dbd0e6ac79a8c4c2ec138f5329e06a6ac014"
"md","network-first","tea","tea/workflows/testarch/bmad-testarch-test-design/resources/knowledge/network-first.md","2920e58e145626f5505bcb75e263dbd0e6ac79a8c4c2ec138f5329e06a6ac014"
"md","network-first","tea","tea/workflows/testarch/bmad-testarch-test-review/resources/knowledge/network-first.md","2920e58e145626f5505bcb75e263dbd0e6ac79a8c4c2ec138f5329e06a6ac014"
"md","network-first","tea","tea/workflows/testarch/bmad-testarch-trace/resources/knowledge/network-first.md","2920e58e145626f5505bcb75e263dbd0e6ac79a8c4c2ec138f5329e06a6ac014"
"md","network-recorder","tea","tea/agents/bmad-tea/resources/knowledge/network-recorder.md","6ae5ee35a9f1816dc4bf7c4573f6be931a16567d697ff463867819cc39a3268d"
"md","network-recorder","tea","tea/workflows/testarch/bmad-testarch-atdd/resources/knowledge/network-recorder.md","6ae5ee35a9f1816dc4bf7c4573f6be931a16567d697ff463867819cc39a3268d"
"md","network-recorder","tea","tea/workflows/testarch/bmad-testarch-automate/resources/knowledge/network-recorder.md","6ae5ee35a9f1816dc4bf7c4573f6be931a16567d697ff463867819cc39a3268d"
"md","network-recorder","tea","tea/workflows/testarch/bmad-testarch-ci/resources/knowledge/network-recorder.md","6ae5ee35a9f1816dc4bf7c4573f6be931a16567d697ff463867819cc39a3268d"
"md","network-recorder","tea","tea/workflows/testarch/bmad-testarch-framework/resources/knowledge/network-recorder.md","6ae5ee35a9f1816dc4bf7c4573f6be931a16567d697ff463867819cc39a3268d"
"md","network-recorder","tea","tea/workflows/testarch/bmad-testarch-nfr/resources/knowledge/network-recorder.md","6ae5ee35a9f1816dc4bf7c4573f6be931a16567d697ff463867819cc39a3268d"
"md","network-recorder","tea","tea/workflows/testarch/bmad-testarch-test-design/resources/knowledge/network-recorder.md","6ae5ee35a9f1816dc4bf7c4573f6be931a16567d697ff463867819cc39a3268d"
"md","network-recorder","tea","tea/workflows/testarch/bmad-testarch-test-review/resources/knowledge/network-recorder.md","6ae5ee35a9f1816dc4bf7c4573f6be931a16567d697ff463867819cc39a3268d"
"md","network-recorder","tea","tea/workflows/testarch/bmad-testarch-trace/resources/knowledge/network-recorder.md","6ae5ee35a9f1816dc4bf7c4573f6be931a16567d697ff463867819cc39a3268d"
"md","nfr-assessment.example","tea","tea/workflows/testarch/bmad-testarch-nfr/resources/nfr-assessment.example.md","fb27b5c4bcc1825efcaaa7660bf6fd4bf7797c7685d2866cf8133ab87ce82ec0"
"md","nfr-criteria","tea","tea/agents/bmad-tea/resources/knowledge/nfr-criteria.md","e63cee4a0193e4858c8f70ff33a497a1b97d13a69da66f60ed5c9a9853025aa1"
"md","nfr-criteria","tea","tea/workflows/testarch/bmad-testarch-atdd/resources/knowledge/nfr-criteria.md","e63cee4a0193e4858c8f70ff33a497a1b97d13a69da66f60ed5c9a9853025aa1"
"md","nfr-criteria","tea","tea/workflows/testarch/bmad-testarch-automate/resources/knowledge/nfr-criteria.md","e63cee4a0193e4858c8f70ff33a497a1b97d13a69da66f60ed5c9a9853025aa1"
"md","nfr-criteria","tea","tea/workflows/testarch/bmad-testarch-ci/resources/knowledge/nfr-criteria.md","e63cee4a0193e4858c8f70ff33a497a1b97d13a69da66f60ed5c9a9853025aa1"
"md","nfr-criteria","tea","tea/workflows/testarch/bmad-testarch-framework/resources/knowledge/nfr-criteria.md","e63cee4a0193e4858c8f70ff33a497a1b97d13a69da66f60ed5c9a9853025aa1"
"md","nfr-criteria","tea","tea/workflows/testarch/bmad-testarch-nfr/resources/knowledge/nfr-criteria.md","e63cee4a0193e4858c8f70ff33a497a1b97d13a69da66f60ed5c9a9853025aa1"
"md","nfr-criteria","tea","tea/workflows/testarch/bmad-testarch-test-design/resources/knowledge/nfr-criteria.md","e63cee4a0193e4858c8f70ff33a497a1b97d13a69da66f60ed5c9a9853025aa1"
"md","nfr-criteria","tea","tea/workflows/testarch/bmad-testarch-test-review/resources/knowledge/nfr-criteria.md","e63cee4a0193e4858c8f70ff33a497a1b97d13a69da66f60ed5c9a9853025aa1"
"md","nfr-criteria","tea","tea/workflows/testarch/bmad-testarch-trace/resources/knowledge/nfr-criteria.md","e63cee4a0193e4858c8f70ff33a497a1b97d13a69da66f60ed5c9a9853025aa1"
"md","nfr-report-template","tea","tea/workflows/testarch/bmad-testarch-nfr/nfr-report-template.md","f47f53f2e9ca0a9ef488e4692b0a62dd870ea561d9065f5766030daaa555901e"
"md","nfr-status-definitions","tea","tea/workflows/testarch/bmad-testarch-nfr/steps-c/nfr-status-definitions.md","cea5db2db1c015c82fe3f81c9fadbf864a73afba7c4ff7c18b9a250fe26224dc"
"md","overview","tea","tea/agents/bmad-tea/resources/knowledge/overview.md","eb9415d849698671b6fb763740d7b58ef9886911da895110da1ac73e2122c7e4"
"md","overview","tea","tea/workflows/testarch/bmad-testarch-atdd/resources/knowledge/overview.md","eb9415d849698671b6fb763740d7b58ef9886911da895110da1ac73e2122c7e4"
"md","overview","tea","tea/workflows/testarch/bmad-testarch-automate/resources/knowledge/overview.md","eb9415d849698671b6fb763740d7b58ef9886911da895110da1ac73e2122c7e4"
"md","overview","tea","tea/workflows/testarch/bmad-testarch-ci/resources/knowledge/overview.md","eb9415d849698671b6fb763740d7b58ef9886911da895110da1ac73e2122c7e4"
"md","overview","tea","tea/workflows/testarch/bmad-testarch-framework/resources/knowledge/overview.md","eb9415d849698671b6fb763740d7b58ef9886911da895110da1ac73e2122c7e4"
"md","overview","tea","tea/workflows/testarch/bmad-testarch-nfr/resources/knowledge/overview.md","eb9415d849698671b6fb763740d7b58ef9886911da895110da1ac73e2122c7e4"
"md","overview","tea","tea/workflows/testarch/bmad-testarch-test-design/resources/knowledge/overview.md","eb9415d849698671b6fb763740d7b58ef9886911da895110da1ac73e2122c7e4"
"md","overview","tea","tea/workflows/testarch/bmad-testarch-test-review/resources/knowledge/overview.md","eb9415d849698671b6fb763740d7b58ef9886911da895110da1ac73e2122c7e4"
"md","overview","tea","tea/workflows/testarch/bmad-testarch-trace/resources/knowledge/overview.md","eb9415d849698671b6fb763740d7b58ef9886911da895110da1ac73e2122c7e4"
"md","pact-broker-webhooks","tea","tea/agents/bmad-tea/resources/knowledge/pact-broker-webhooks.md","65a3bac89f90061946a6a1c58a775dd8fd26ecab645f664c15d7d20ded1bc73d"
"md","pact-broker-webhooks","tea","tea/workflows/testarch/bmad-testarch-atdd/resources/knowledge/pact-broker-webhooks.md","65a3bac89f90061946a6a1c58a775dd8fd26ecab645f664c15d7d20ded1bc73d"
"md","pact-broker-webhooks","tea","tea/workflows/testarch/bmad-testarch-automate/resources/knowledge/pact-broker-webhooks.md","65a3bac89f90061946a6a1c58a775dd8fd26ecab645f664c15d7d20ded1bc73d"
"md","pact-broker-webhooks","tea","tea/workflows/testarch/bmad-testarch-ci/resources/knowledge/pact-broker-webhooks.md","65a3bac89f90061946a6a1c58a775dd8fd26ecab645f664c15d7d20ded1bc73d"
"md","pact-broker-webhooks","tea","tea/workflows/testarch/bmad-testarch-framework/resources/knowledge/pact-broker-webhooks.md","65a3bac89f90061946a6a1c58a775dd8fd26ecab645f664c15d7d20ded1bc73d"
"md","pact-broker-webhooks","tea","tea/workflows/testarch/bmad-testarch-nfr/resources/knowledge/pact-broker-webhooks.md","65a3bac89f90061946a6a1c58a775dd8fd26ecab645f664c15d7d20ded1bc73d"
"md","pact-broker-webhooks","tea","tea/workflows/testarch/bmad-testarch-test-design/resources/knowledge/pact-broker-webhooks.md","65a3bac89f90061946a6a1c58a775dd8fd26ecab645f664c15d7d20ded1bc73d"
"md","pact-broker-webhooks","tea","tea/workflows/testarch/bmad-testarch-test-review/resources/knowledge/pact-broker-webhooks.md","65a3bac89f90061946a6a1c58a775dd8fd26ecab645f664c15d7d20ded1bc73d"
"md","pact-broker-webhooks","tea","tea/workflows/testarch/bmad-testarch-trace/resources/knowledge/pact-broker-webhooks.md","65a3bac89f90061946a6a1c58a775dd8fd26ecab645f664c15d7d20ded1bc73d"
"md","pact-consumer-di","tea","tea/agents/bmad-tea/resources/knowledge/pact-consumer-di.md","8da93042ab11ad2e59ae8e37d44567d7bfec77760bb72467bde0d03987ebadce"
"md","pact-consumer-di","tea","tea/workflows/testarch/bmad-testarch-atdd/resources/knowledge/pact-consumer-di.md","8da93042ab11ad2e59ae8e37d44567d7bfec77760bb72467bde0d03987ebadce"
"md","pact-consumer-di","tea","tea/workflows/testarch/bmad-testarch-automate/resources/knowledge/pact-consumer-di.md","8da93042ab11ad2e59ae8e37d44567d7bfec77760bb72467bde0d03987ebadce"
"md","pact-consumer-di","tea","tea/workflows/testarch/bmad-testarch-ci/resources/knowledge/pact-consumer-di.md","8da93042ab11ad2e59ae8e37d44567d7bfec77760bb72467bde0d03987ebadce"
"md","pact-consumer-di","tea","tea/workflows/testarch/bmad-testarch-framework/resources/knowledge/pact-consumer-di.md","8da93042ab11ad2e59ae8e37d44567d7bfec77760bb72467bde0d03987ebadce"
"md","pact-consumer-di","tea","tea/workflows/testarch/bmad-testarch-nfr/resources/knowledge/pact-consumer-di.md","8da93042ab11ad2e59ae8e37d44567d7bfec77760bb72467bde0d03987ebadce"
"md","pact-consumer-di","tea","tea/workflows/testarch/bmad-testarch-test-design/resources/knowledge/pact-consumer-di.md","8da93042ab11ad2e59ae8e37d44567d7bfec77760bb72467bde0d03987ebadce"
"md","pact-consumer-di","tea","tea/workflows/testarch/bmad-testarch-test-review/resources/knowledge/pact-consumer-di.md","8da93042ab11ad2e59ae8e37d44567d7bfec77760bb72467bde0d03987ebadce"
"md","pact-consumer-di","tea","tea/workflows/testarch/bmad-testarch-trace/resources/knowledge/pact-consumer-di.md","8da93042ab11ad2e59ae8e37d44567d7bfec77760bb72467bde0d03987ebadce"
"md","pact-consumer-framework-setup","tea","tea/agents/bmad-tea/resources/knowledge/pact-consumer-framework-setup.md","5850a0acd23388ee2b46d7b1bae90c1e7eed493d2d02bc866f9f5f2fdd7315b6"
"md","pact-consumer-framework-setup","tea","tea/workflows/testarch/bmad-testarch-atdd/resources/knowledge/pact-consumer-framework-setup.md","5850a0acd23388ee2b46d7b1bae90c1e7eed493d2d02bc866f9f5f2fdd7315b6"
"md","pact-consumer-framework-setup","tea","tea/workflows/testarch/bmad-testarch-automate/resources/knowledge/pact-consumer-framework-setup.md","5850a0acd23388ee2b46d7b1bae90c1e7eed493d2d02bc866f9f5f2fdd7315b6"
"md","pact-consumer-framework-setup","tea","tea/workflows/testarch/bmad-testarch-ci/resources/knowledge/pact-consumer-framework-setup.md","5850a0acd23388ee2b46d7b1bae90c1e7eed493d2d02bc866f9f5f2fdd7315b6"
"md","pact-consumer-framework-setup","tea","tea/workflows/testarch/bmad-testarch-framework/resources/knowledge/pact-consumer-framework-setup.md","5850a0acd23388ee2b46d7b1bae90c1e7eed493d2d02bc866f9f5f2fdd7315b6"
"md","pact-consumer-framework-setup","tea","tea/workflows/testarch/bmad-testarch-nfr/resources/knowledge/pact-consumer-framework-setup.md","5850a0acd23388ee2b46d7b1bae90c1e7eed493d2d02bc866f9f5f2fdd7315b6"
"md","pact-consumer-framework-setup","tea","tea/workflows/testarch/bmad-testarch-test-design/resources/knowledge/pact-consumer-framework-setup.md","5850a0acd23388ee2b46d7b1bae90c1e7eed493d2d02bc866f9f5f2fdd7315b6"
"md","pact-consumer-framework-setup","tea","tea/workflows/testarch/bmad-testarch-test-review/resources/knowledge/pact-consumer-framework-setup.md","5850a0acd23388ee2b46d7b1bae90c1e7eed493d2d02bc866f9f5f2fdd7315b6"
"md","pact-consumer-framework-setup","tea","tea/workflows/testarch/bmad-testarch-trace/resources/knowledge/pact-consumer-framework-setup.md","5850a0acd23388ee2b46d7b1bae90c1e7eed493d2d02bc866f9f5f2fdd7315b6"
"md","pact-mcp","tea","tea/agents/bmad-tea/resources/knowledge/pact-mcp.md","e84a339df5fdfacafed538fcc2f0f8386a02a135f51f810235a05b0caa184fcb"
"md","pact-mcp","tea","tea/workflows/testarch/bmad-testarch-atdd/resources/knowledge/pact-mcp.md","e84a339df5fdfacafed538fcc2f0f8386a02a135f51f810235a05b0caa184fcb"
"md","pact-mcp","tea","tea/workflows/testarch/bmad-testarch-automate/resources/knowledge/pact-mcp.md","e84a339df5fdfacafed538fcc2f0f8386a02a135f51f810235a05b0caa184fcb"
"md","pact-mcp","tea","tea/workflows/testarch/bmad-testarch-ci/resources/knowledge/pact-mcp.md","e84a339df5fdfacafed538fcc2f0f8386a02a135f51f810235a05b0caa184fcb"
"md","pact-mcp","tea","tea/workflows/testarch/bmad-testarch-framework/resources/knowledge/pact-mcp.md","e84a339df5fdfacafed538fcc2f0f8386a02a135f51f810235a05b0caa184fcb"
"md","pact-mcp","tea","tea/workflows/testarch/bmad-testarch-nfr/resources/knowledge/pact-mcp.md","e84a339df5fdfacafed538fcc2f0f8386a02a135f51f810235a05b0caa184fcb"
"md","pact-mcp","tea","tea/workflows/testarch/bmad-testarch-test-design/resources/knowledge/pact-mcp.md","e84a339df5fdfacafed538fcc2f0f8386a02a135f51f810235a05b0caa184fcb"
"md","pact-mcp","tea","tea/workflows/testarch/bmad-testarch-test-review/resources/knowledge/pact-mcp.md","e84a339df5fdfacafed538fcc2f0f8386a02a135f51f810235a05b0caa184fcb"
"md","pact-mcp","tea","tea/workflows/testarch/bmad-testarch-trace/resources/knowledge/pact-mcp.md","e84a339df5fdfacafed538fcc2f0f8386a02a135f51f810235a05b0caa184fcb"
"md","pactjs-utils-consumer-helpers","tea","tea/agents/bmad-tea/resources/knowledge/pactjs-utils-consumer-helpers.md","82c21a71ea7cfafb4bb4c4d74eb83cb4134b7ca93aeae626a9b79868b3d621c9"
"md","pactjs-utils-consumer-helpers","tea","tea/workflows/testarch/bmad-testarch-atdd/resources/knowledge/pactjs-utils-consumer-helpers.md","82c21a71ea7cfafb4bb4c4d74eb83cb4134b7ca93aeae626a9b79868b3d621c9"
"md","pactjs-utils-consumer-helpers","tea","tea/workflows/testarch/bmad-testarch-automate/resources/knowledge/pactjs-utils-consumer-helpers.md","82c21a71ea7cfafb4bb4c4d74eb83cb4134b7ca93aeae626a9b79868b3d621c9"
"md","pactjs-utils-consumer-helpers","tea","tea/workflows/testarch/bmad-testarch-ci/resources/knowledge/pactjs-utils-consumer-helpers.md","82c21a71ea7cfafb4bb4c4d74eb83cb4134b7ca93aeae626a9b79868b3d621c9"
"md","pactjs-utils-consumer-helpers","tea","tea/workflows/testarch/bmad-testarch-framework/resources/knowledge/pactjs-utils-consumer-helpers.md","82c21a71ea7cfafb4bb4c4d74eb83cb4134b7ca93aeae626a9b79868b3d621c9"
"md","pactjs-utils-consumer-helpers","tea","tea/workflows/testarch/bmad-testarch-nfr/resources/knowledge/pactjs-utils-consumer-helpers.md","82c21a71ea7cfafb4bb4c4d74eb83cb4134b7ca93aeae626a9b79868b3d621c9"
"md","pactjs-utils-consumer-helpers","tea","tea/workflows/testarch/bmad-testarch-test-design/resources/knowledge/pactjs-utils-consumer-helpers.md","82c21a71ea7cfafb4bb4c4d74eb83cb4134b7ca93aeae626a9b79868b3d621c9"
"md","pactjs-utils-consumer-helpers","tea","tea/workflows/testarch/bmad-testarch-test-review/resources/knowledge/pactjs-utils-consumer-helpers.md","82c21a71ea7cfafb4bb4c4d74eb83cb4134b7ca93aeae626a9b79868b3d621c9"
"md","pactjs-utils-consumer-helpers","tea","tea/workflows/testarch/bmad-testarch-trace/resources/knowledge/pactjs-utils-consumer-helpers.md","82c21a71ea7cfafb4bb4c4d74eb83cb4134b7ca93aeae626a9b79868b3d621c9"
"md","pactjs-utils-mandate","tea","tea/agents/bmad-tea/resources/knowledge/pactjs-utils-mandate.md","74b1dae511c46a2c3255f20b3a7405226ed7eceb47246d809f4388520e7ba529"
"md","pactjs-utils-mandate","tea","tea/workflows/testarch/bmad-testarch-atdd/resources/knowledge/pactjs-utils-mandate.md","74b1dae511c46a2c3255f20b3a7405226ed7eceb47246d809f4388520e7ba529"
"md","pactjs-utils-mandate","tea","tea/workflows/testarch/bmad-testarch-automate/resources/knowledge/pactjs-utils-mandate.md","74b1dae511c46a2c3255f20b3a7405226ed7eceb47246d809f4388520e7ba529"
"md","pactjs-utils-mandate","tea","tea/workflows/testarch/bmad-testarch-ci/resources/knowledge/pactjs-utils-mandate.md","74b1dae511c46a2c3255f20b3a7405226ed7eceb47246d809f4388520e7ba529"
"md","pactjs-utils-mandate","tea","tea/workflows/testarch/bmad-testarch-framework/resources/knowledge/pactjs-utils-mandate.md","74b1dae511c46a2c3255f20b3a7405226ed7eceb47246d809f4388520e7ba529"
"md","pactjs-utils-mandate","tea","tea/workflows/testarch/bmad-testarch-nfr/resources/knowledge/pactjs-utils-mandate.md","74b1dae511c46a2c3255f20b3a7405226ed7eceb47246d809f4388520e7ba529"
"md","pactjs-utils-mandate","tea","tea/workflows/testarch/bmad-testarch-test-design/resources/knowledge/pactjs-utils-mandate.md","74b1dae511c46a2c3255f20b3a7405226ed7eceb47246d809f4388520e7ba529"
"md","pactjs-utils-mandate","tea","tea/workflows/testarch/bmad-testarch-test-review/resources/knowledge/pactjs-utils-mandate.md","74b1dae511c46a2c3255f20b3a7405226ed7eceb47246d809f4388520e7ba529"
"md","pactjs-utils-mandate","tea","tea/workflows/testarch/bmad-testarch-trace/resources/knowledge/pactjs-utils-mandate.md","74b1dae511c46a2c3255f20b3a7405226ed7eceb47246d809f4388520e7ba529"
"md","pactjs-utils-overview","tea","tea/agents/bmad-tea/resources/knowledge/pactjs-utils-overview.md","9114c063000183640f8af153808befcf62040b85d9de44087eabf56e245774cb"
"md","pactjs-utils-overview","tea","tea/workflows/testarch/bmad-testarch-atdd/resources/knowledge/pactjs-utils-overview.md","9114c063000183640f8af153808befcf62040b85d9de44087eabf56e245774cb"
"md","pactjs-utils-overview","tea","tea/workflows/testarch/bmad-testarch-automate/resources/knowledge/pactjs-utils-overview.md","9114c063000183640f8af153808befcf62040b85d9de44087eabf56e245774cb"
"md","pactjs-utils-overview","tea","tea/workflows/testarch/bmad-testarch-ci/resources/knowledge/pactjs-utils-overview.md","9114c063000183640f8af153808befcf62040b85d9de44087eabf56e245774cb"
"md","pactjs-utils-overview","tea","tea/workflows/testarch/bmad-testarch-framework/resources/knowledge/pactjs-utils-overview.md","9114c063000183640f8af153808befcf62040b85d9de44087eabf56e245774cb"
"md","pactjs-utils-overview","tea","tea/workflows/testarch/bmad-testarch-nfr/resources/knowledge/pactjs-utils-overview.md","9114c063000183640f8af153808befcf62040b85d9de44087eabf56e245774cb"
"md","pactjs-utils-overview","tea","tea/workflows/testarch/bmad-testarch-test-design/resources/knowledge/pactjs-utils-overview.md","9114c063000183640f8af153808befcf62040b85d9de44087eabf56e245774cb"
"md","pactjs-utils-overview","tea","tea/workflows/testarch/bmad-testarch-test-review/resources/knowledge/pactjs-utils-overview.md","9114c063000183640f8af153808befcf62040b85d9de44087eabf56e245774cb"
"md","pactjs-utils-overview","tea","tea/workflows/testarch/bmad-testarch-trace/resources/knowledge/pactjs-utils-overview.md","9114c063000183640f8af153808befcf62040b85d9de44087eabf56e245774cb"
"md","pactjs-utils-provider-verifier","tea","tea/agents/bmad-tea/resources/knowledge/pactjs-utils-provider-verifier.md","9f1537ff0f504c45298f891e581128d611733f7bcbaaefd871d5df1ddbb3ece1"
"md","pactjs-utils-provider-verifier","tea","tea/workflows/testarch/bmad-testarch-atdd/resources/knowledge/pactjs-utils-provider-verifier.md","9f1537ff0f504c45298f891e581128d611733f7bcbaaefd871d5df1ddbb3ece1"
"md","pactjs-utils-provider-verifier","tea","tea/workflows/testarch/bmad-testarch-automate/resources/knowledge/pactjs-utils-provider-verifier.md","9f1537ff0f504c45298f891e581128d611733f7bcbaaefd871d5df1ddbb3ece1"
"md","pactjs-utils-provider-verifier","tea","tea/workflows/testarch/bmad-testarch-ci/resources/knowledge/pactjs-utils-provider-verifier.md","9f1537ff0f504c45298f891e581128d611733f7bcbaaefd871d5df1ddbb3ece1"
"md","pactjs-utils-provider-verifier","tea","tea/workflows/testarch/bmad-testarch-framework/resources/knowledge/pactjs-utils-provider-verifier.md","9f1537ff0f504c45298f891e581128d611733f7bcbaaefd871d5df1ddbb3ece1"
"md","pactjs-utils-provider-verifier","tea","tea/workflows/testarch/bmad-testarch-nfr/resources/knowledge/pactjs-utils-provider-verifier.md","9f1537ff0f504c45298f891e581128d611733f7bcbaaefd871d5df1ddbb3ece1"
"md","pactjs-utils-provider-verifier","tea","tea/workflows/testarch/bmad-testarch-test-design/resources/knowledge/pactjs-utils-provider-verifier.md","9f1537ff0f504c45298f891e581128d611733f7bcbaaefd871d5df1ddbb3ece1"
"md","pactjs-utils-provider-verifier","tea","tea/workflows/testarch/bmad-testarch-test-review/resources/knowledge/pactjs-utils-provider-verifier.md","9f1537ff0f504c45298f891e581128d611733f7bcbaaefd871d5df1ddbb3ece1"
"md","pactjs-utils-provider-verifier","tea","tea/workflows/testarch/bmad-testarch-trace/resources/knowledge/pactjs-utils-provider-verifier.md","9f1537ff0f504c45298f891e581128d611733f7bcbaaefd871d5df1ddbb3ece1"
"md","pactjs-utils-request-filter","tea","tea/agents/bmad-tea/resources/knowledge/pactjs-utils-request-filter.md","6f900300880f2544511436fa68c24268b3b28e0498af6dc43c848047a3cbff18"
"md","pactjs-utils-request-filter","tea","tea/workflows/testarch/bmad-testarch-atdd/resources/knowledge/pactjs-utils-request-filter.md","6f900300880f2544511436fa68c24268b3b28e0498af6dc43c848047a3cbff18"
"md","pactjs-utils-request-filter","tea","tea/workflows/testarch/bmad-testarch-automate/resources/knowledge/pactjs-utils-request-filter.md","6f900300880f2544511436fa68c24268b3b28e0498af6dc43c848047a3cbff18"
"md","pactjs-utils-request-filter","tea","tea/workflows/testarch/bmad-testarch-ci/resources/knowledge/pactjs-utils-request-filter.md","6f900300880f2544511436fa68c24268b3b28e0498af6dc43c848047a3cbff18"
"md","pactjs-utils-request-filter","tea","tea/workflows/testarch/bmad-testarch-framework/resources/knowledge/pactjs-utils-request-filter.md","6f900300880f2544511436fa68c24268b3b28e0498af6dc43c848047a3cbff18"
"md","pactjs-utils-request-filter","tea","tea/workflows/testarch/bmad-testarch-nfr/resources/knowledge/pactjs-utils-request-filter.md","6f900300880f2544511436fa68c24268b3b28e0498af6dc43c848047a3cbff18"
"md","pactjs-utils-request-filter","tea","tea/workflows/testarch/bmad-testarch-test-design/resources/knowledge/pactjs-utils-request-filter.md","6f900300880f2544511436fa68c24268b3b28e0498af6dc43c848047a3cbff18"
"md","pactjs-utils-request-filter","tea","tea/workflows/testarch/bmad-testarch-test-review/resources/knowledge/pactjs-utils-request-filter.md","6f900300880f2544511436fa68c24268b3b28e0498af6dc43c848047a3cbff18"
"md","pactjs-utils-request-filter","tea","tea/workflows/testarch/bmad-testarch-trace/resources/knowledge/pactjs-utils-request-filter.md","6f900300880f2544511436fa68c24268b3b28e0498af6dc43c848047a3cbff18"
"md","pactjs-utils-zod-to-pact","tea","tea/agents/bmad-tea/resources/knowledge/pactjs-utils-zod-to-pact.md","a02b0859122ef4f720818ea78a149799202d0baf7852936f05a2f5d0c49935a8"
"md","pactjs-utils-zod-to-pact","tea","tea/workflows/testarch/bmad-testarch-atdd/resources/knowledge/pactjs-utils-zod-to-pact.md","a02b0859122ef4f720818ea78a149799202d0baf7852936f05a2f5d0c49935a8"
"md","pactjs-utils-zod-to-pact","tea","tea/workflows/testarch/bmad-testarch-automate/resources/knowledge/pactjs-utils-zod-to-pact.md","a02b0859122ef4f720818ea78a149799202d0baf7852936f05a2f5d0c49935a8"
"md","pactjs-utils-zod-to-pact","tea","tea/workflows/testarch/bmad-testarch-ci/resources/knowledge/pactjs-utils-zod-to-pact.md","a02b0859122ef4f720818ea78a149799202d0baf7852936f05a2f5d0c49935a8"
"md","pactjs-utils-zod-to-pact","tea","tea/workflows/testarch/bmad-testarch-framework/resources/knowledge/pactjs-utils-zod-to-pact.md","a02b0859122ef4f720818ea78a149799202d0baf7852936f05a2f5d0c49935a8"
"md","pactjs-utils-zod-to-pact","tea","tea/workflows/testarch/bmad-testarch-nfr/resources/knowledge/pactjs-utils-zod-to-pact.md","a02b0859122ef4f720818ea78a149799202d0baf7852936f05a2f5d0c49935a8"
"md","pactjs-utils-zod-to-pact","tea","tea/workflows/testarch/bmad-testarch-test-design/resources/knowledge/pactjs-utils-zod-to-pact.md","a02b0859122ef4f720818ea78a149799202d0baf7852936f05a2f5d0c49935a8"
"md","pactjs-utils-zod-to-pact","tea","tea/workflows/testarch/bmad-testarch-test-review/resources/knowledge/pactjs-utils-zod-to-pact.md","a02b0859122ef4f720818ea78a149799202d0baf7852936f05a2f5d0c49935a8"
"md","pactjs-utils-zod-to-pact","tea","tea/workflows/testarch/bmad-testarch-trace/resources/knowledge/pactjs-utils-zod-to-pact.md","a02b0859122ef4f720818ea78a149799202d0baf7852936f05a2f5d0c49935a8"
"md","playwright-cli","tea","tea/agents/bmad-tea/resources/knowledge/playwright-cli.md","f0aaff215a5da05d900c7f6d1eef70a3ea97637788ac37aadf5779ec24d91c09"
"md","playwright-cli","tea","tea/workflows/testarch/bmad-testarch-atdd/resources/knowledge/playwright-cli.md","f0aaff215a5da05d900c7f6d1eef70a3ea97637788ac37aadf5779ec24d91c09"
"md","playwright-cli","tea","tea/workflows/testarch/bmad-testarch-automate/resources/knowledge/playwright-cli.md","f0aaff215a5da05d900c7f6d1eef70a3ea97637788ac37aadf5779ec24d91c09"
"md","playwright-cli","tea","tea/workflows/testarch/bmad-testarch-ci/resources/knowledge/playwright-cli.md","f0aaff215a5da05d900c7f6d1eef70a3ea97637788ac37aadf5779ec24d91c09"
"md","playwright-cli","tea","tea/workflows/testarch/bmad-testarch-framework/resources/knowledge/playwright-cli.md","f0aaff215a5da05d900c7f6d1eef70a3ea97637788ac37aadf5779ec24d91c09"
"md","playwright-cli","tea","tea/workflows/testarch/bmad-testarch-nfr/resources/knowledge/playwright-cli.md","f0aaff215a5da05d900c7f6d1eef70a3ea97637788ac37aadf5779ec24d91c09"
"md","playwright-cli","tea","tea/workflows/testarch/bmad-testarch-test-design/resources/knowledge/playwright-cli.md","f0aaff215a5da05d900c7f6d1eef70a3ea97637788ac37aadf5779ec24d91c09"
"md","playwright-cli","tea","tea/workflows/testarch/bmad-testarch-test-review/resources/knowledge/playwright-cli.md","f0aaff215a5da05d900c7f6d1eef70a3ea97637788ac37aadf5779ec24d91c09"
"md","playwright-cli","tea","tea/workflows/testarch/bmad-testarch-trace/resources/knowledge/playwright-cli.md","f0aaff215a5da05d900c7f6d1eef70a3ea97637788ac37aadf5779ec24d91c09"
"md","playwright-config","tea","tea/agents/bmad-tea/resources/knowledge/playwright-config.md","6f7cbf42be005165f68d50090bf0e86227cd401b8e0119ad9e65e7cb2a05644e"
"md","playwright-config","tea","tea/workflows/testarch/bmad-testarch-atdd/resources/knowledge/playwright-config.md","6f7cbf42be005165f68d50090bf0e86227cd401b8e0119ad9e65e7cb2a05644e"
"md","playwright-config","tea","tea/workflows/testarch/bmad-testarch-automate/resources/knowledge/playwright-config.md","6f7cbf42be005165f68d50090bf0e86227cd401b8e0119ad9e65e7cb2a05644e"
"md","playwright-config","tea","tea/workflows/testarch/bmad-testarch-ci/resources/knowledge/playwright-config.md","6f7cbf42be005165f68d50090bf0e86227cd401b8e0119ad9e65e7cb2a05644e"
"md","playwright-config","tea","tea/workflows/testarch/bmad-testarch-framework/resources/knowledge/playwright-config.md","6f7cbf42be005165f68d50090bf0e86227cd401b8e0119ad9e65e7cb2a05644e"
"md","playwright-config","tea","tea/workflows/testarch/bmad-testarch-nfr/resources/knowledge/playwright-config.md","6f7cbf42be005165f68d50090bf0e86227cd401b8e0119ad9e65e7cb2a05644e"
"md","playwright-config","tea","tea/workflows/testarch/bmad-testarch-test-design/resources/knowledge/playwright-config.md","6f7cbf42be005165f68d50090bf0e86227cd401b8e0119ad9e65e7cb2a05644e"
"md","playwright-config","tea","tea/workflows/testarch/bmad-testarch-test-review/resources/knowledge/playwright-config.md","6f7cbf42be005165f68d50090bf0e86227cd401b8e0119ad9e65e7cb2a05644e"
"md","playwright-config","tea","tea/workflows/testarch/bmad-testarch-trace/resources/knowledge/playwright-config.md","6f7cbf42be005165f68d50090bf0e86227cd401b8e0119ad9e65e7cb2a05644e"
"md","playwright-utils-mandate","tea","tea/agents/bmad-tea/resources/knowledge/playwright-utils-mandate.md","d59b1a6e29d6b39dbf0dbf5e7b5f8d007a90cd979d47e437661a6fd85d8a73ed"
"md","playwright-utils-mandate","tea","tea/workflows/testarch/bmad-testarch-atdd/resources/knowledge/playwright-utils-mandate.md","d59b1a6e29d6b39dbf0dbf5e7b5f8d007a90cd979d47e437661a6fd85d8a73ed"
"md","playwright-utils-mandate","tea","tea/workflows/testarch/bmad-testarch-automate/resources/knowledge/playwright-utils-mandate.md","d59b1a6e29d6b39dbf0dbf5e7b5f8d007a90cd979d47e437661a6fd85d8a73ed"
"md","playwright-utils-mandate","tea","tea/workflows/testarch/bmad-testarch-ci/resources/knowledge/playwright-utils-mandate.md","d59b1a6e29d6b39dbf0dbf5e7b5f8d007a90cd979d47e437661a6fd85d8a73ed"
"md","playwright-utils-mandate","tea","tea/workflows/testarch/bmad-testarch-framework/resources/knowledge/playwright-utils-mandate.md","d59b1a6e29d6b39dbf0dbf5e7b5f8d007a90cd979d47e437661a6fd85d8a73ed"
"md","playwright-utils-mandate","tea","tea/workflows/testarch/bmad-testarch-nfr/resources/knowledge/playwright-utils-mandate.md","d59b1a6e29d6b39dbf0dbf5e7b5f8d007a90cd979d47e437661a6fd85d8a73ed"
"md","playwright-utils-mandate","tea","tea/workflows/testarch/bmad-testarch-test-design/resources/knowledge/playwright-utils-mandate.md","d59b1a6e29d6b39dbf0dbf5e7b5f8d007a90cd979d47e437661a6fd85d8a73ed"
"md","playwright-utils-mandate","tea","tea/workflows/testarch/bmad-testarch-test-review/resources/knowledge/playwright-utils-mandate.md","d59b1a6e29d6b39dbf0dbf5e7b5f8d007a90cd979d47e437661a6fd85d8a73ed"
"md","playwright-utils-mandate","tea","tea/workflows/testarch/bmad-testarch-trace/resources/knowledge/playwright-utils-mandate.md","d59b1a6e29d6b39dbf0dbf5e7b5f8d007a90cd979d47e437661a6fd85d8a73ed"
"md","probability-impact","tea","tea/agents/bmad-tea/resources/knowledge/probability-impact.md","3d301193efb3f466768289f108ae824aa9792b9aab1c8e97c61bb6422e2f895a"
"md","probability-impact","tea","tea/workflows/testarch/bmad-testarch-atdd/resources/knowledge/probability-impact.md","3d301193efb3f466768289f108ae824aa9792b9aab1c8e97c61bb6422e2f895a"
"md","probability-impact","tea","tea/workflows/testarch/bmad-testarch-automate/resources/knowledge/probability-impact.md","3d301193efb3f466768289f108ae824aa9792b9aab1c8e97c61bb6422e2f895a"
"md","probability-impact","tea","tea/workflows/testarch/bmad-testarch-ci/resources/knowledge/probability-impact.md","3d301193efb3f466768289f108ae824aa9792b9aab1c8e97c61bb6422e2f895a"
"md","probability-impact","tea","tea/workflows/testarch/bmad-testarch-framework/resources/knowledge/probability-impact.md","3d301193efb3f466768289f108ae824aa9792b9aab1c8e97c61bb6422e2f895a"
"md","probability-impact","tea","tea/workflows/testarch/bmad-testarch-nfr/resources/knowledge/probability-impact.md","3d301193efb3f466768289f108ae824aa9792b9aab1c8e97c61bb6422e2f895a"
"md","probability-impact","tea","tea/workflows/testarch/bmad-testarch-test-design/resources/knowledge/probability-impact.md","3d301193efb3f466768289f108ae824aa9792b9aab1c8e97c61bb6422e2f895a"
"md","probability-impact","tea","tea/workflows/testarch/bmad-testarch-test-review/resources/knowledge/probability-impact.md","3d301193efb3f466768289f108ae824aa9792b9aab1c8e97c61bb6422e2f895a"
"md","probability-impact","tea","tea/workflows/testarch/bmad-testarch-trace/resources/knowledge/probability-impact.md","3d301193efb3f466768289f108ae824aa9792b9aab1c8e97c61bb6422e2f895a"
"md","recurse","tea","tea/agents/bmad-tea/resources/knowledge/recurse.md","cf6e8fa4f0d40098004b36b79262773ae1ebe058a8275b3a6ec3ec4b9c1f6e8c"
"md","recurse","tea","tea/workflows/testarch/bmad-testarch-atdd/resources/knowledge/recurse.md","cf6e8fa4f0d40098004b36b79262773ae1ebe058a8275b3a6ec3ec4b9c1f6e8c"
"md","recurse","tea","tea/workflows/testarch/bmad-testarch-automate/resources/knowledge/recurse.md","cf6e8fa4f0d40098004b36b79262773ae1ebe058a8275b3a6ec3ec4b9c1f6e8c"
"md","recurse","tea","tea/workflows/testarch/bmad-testarch-ci/resources/knowledge/recurse.md","cf6e8fa4f0d40098004b36b79262773ae1ebe058a8275b3a6ec3ec4b9c1f6e8c"
"md","recurse","tea","tea/workflows/testarch/bmad-testarch-framework/resources/knowledge/recurse.md","cf6e8fa4f0d40098004b36b79262773ae1ebe058a8275b3a6ec3ec4b9c1f6e8c"
"md","recurse","tea","tea/workflows/testarch/bmad-testarch-nfr/resources/knowledge/recurse.md","cf6e8fa4f0d40098004b36b79262773ae1ebe058a8275b3a6ec3ec4b9c1f6e8c"
"md","recurse","tea","tea/workflows/testarch/bmad-testarch-test-design/resources/knowledge/recurse.md","cf6e8fa4f0d40098004b36b79262773ae1ebe058a8275b3a6ec3ec4b9c1f6e8c"
"md","recurse","tea","tea/workflows/testarch/bmad-testarch-test-review/resources/knowledge/recurse.md","cf6e8fa4f0d40098004b36b79262773ae1ebe058a8275b3a6ec3ec4b9c1f6e8c"
"md","recurse","tea","tea/workflows/testarch/bmad-testarch-trace/resources/knowledge/recurse.md","cf6e8fa4f0d40098004b36b79262773ae1ebe058a8275b3a6ec3ec4b9c1f6e8c"
"md","risk-governance","tea","tea/agents/bmad-tea/resources/knowledge/risk-governance.md","ec1da83d8d6a338b6c10160e2a1dfd5a03b4d2ec4c2f426844d4cc1bc8a0acdc"
"md","risk-governance","tea","tea/workflows/testarch/bmad-testarch-atdd/resources/knowledge/risk-governance.md","ec1da83d8d6a338b6c10160e2a1dfd5a03b4d2ec4c2f426844d4cc1bc8a0acdc"
"md","risk-governance","tea","tea/workflows/testarch/bmad-testarch-automate/resources/knowledge/risk-governance.md","ec1da83d8d6a338b6c10160e2a1dfd5a03b4d2ec4c2f426844d4cc1bc8a0acdc"
"md","risk-governance","tea","tea/workflows/testarch/bmad-testarch-ci/resources/knowledge/risk-governance.md","ec1da83d8d6a338b6c10160e2a1dfd5a03b4d2ec4c2f426844d4cc1bc8a0acdc"
"md","risk-governance","tea","tea/workflows/testarch/bmad-testarch-framework/resources/knowledge/risk-governance.md","ec1da83d8d6a338b6c10160e2a1dfd5a03b4d2ec4c2f426844d4cc1bc8a0acdc"
"md","risk-governance","tea","tea/workflows/testarch/bmad-testarch-nfr/resources/knowledge/risk-governance.md","ec1da83d8d6a338b6c10160e2a1dfd5a03b4d2ec4c2f426844d4cc1bc8a0acdc"
"md","risk-governance","tea","tea/workflows/testarch/bmad-testarch-test-design/resources/knowledge/risk-governance.md","ec1da83d8d6a338b6c10160e2a1dfd5a03b4d2ec4c2f426844d4cc1bc8a0acdc"
"md","risk-governance","tea","tea/workflows/testarch/bmad-testarch-test-review/resources/knowledge/risk-governance.md","ec1da83d8d6a338b6c10160e2a1dfd5a03b4d2ec4c2f426844d4cc1bc8a0acdc"
"md","risk-governance","tea","tea/workflows/testarch/bmad-testarch-trace/resources/knowledge/risk-governance.md","ec1da83d8d6a338b6c10160e2a1dfd5a03b4d2ec4c2f426844d4cc1bc8a0acdc"
"md","selective-testing","tea","tea/agents/bmad-tea/resources/knowledge/selective-testing.md","060651774648174fdbff0fe7b858bd81d7c3bce8ee5a53ed7c1ba56e4dd4bbe0"
"md","selective-testing","tea","tea/workflows/testarch/bmad-testarch-atdd/resources/knowledge/selective-testing.md","060651774648174fdbff0fe7b858bd81d7c3bce8ee5a53ed7c1ba56e4dd4bbe0"
"md","selective-testing","tea","tea/workflows/testarch/bmad-testarch-automate/resources/knowledge/selective-testing.md","060651774648174fdbff0fe7b858bd81d7c3bce8ee5a53ed7c1ba56e4dd4bbe0"
"md","selective-testing","tea","tea/workflows/testarch/bmad-testarch-ci/resources/knowledge/selective-testing.md","060651774648174fdbff0fe7b858bd81d7c3bce8ee5a53ed7c1ba56e4dd4bbe0"
"md","selective-testing","tea","tea/workflows/testarch/bmad-testarch-framework/resources/knowledge/selective-testing.md","060651774648174fdbff0fe7b858bd81d7c3bce8ee5a53ed7c1ba56e4dd4bbe0"
"md","selective-testing","tea","tea/workflows/testarch/bmad-testarch-nfr/resources/knowledge/selective-testing.md","060651774648174fdbff0fe7b858bd81d7c3bce8ee5a53ed7c1ba56e4dd4bbe0"
"md","selective-testing","tea","tea/workflows/testarch/bmad-testarch-test-design/resources/knowledge/selective-testing.md","060651774648174fdbff0fe7b858bd81d7c3bce8ee5a53ed7c1ba56e4dd4bbe0"
"md","selective-testing","tea","tea/workflows/testarch/bmad-testarch-test-review/resources/knowledge/selective-testing.md","060651774648174fdbff0fe7b858bd81d7c3bce8ee5a53ed7c1ba56e4dd4bbe0"
"md","selective-testing","tea","tea/workflows/testarch/bmad-testarch-trace/resources/knowledge/selective-testing.md","060651774648174fdbff0fe7b858bd81d7c3bce8ee5a53ed7c1ba56e4dd4bbe0"
"md","selector-resilience","tea","tea/agents/bmad-tea/resources/knowledge/selector-resilience.md","a55c25a340f1cd10811802665754a3f4eab0c82868fea61fea9cc61aa47ac179"
"md","selector-resilience","tea","tea/workflows/testarch/bmad-testarch-atdd/resources/knowledge/selector-resilience.md","a55c25a340f1cd10811802665754a3f4eab0c82868fea61fea9cc61aa47ac179"
"md","selector-resilience","tea","tea/workflows/testarch/bmad-testarch-automate/resources/knowledge/selector-resilience.md","a55c25a340f1cd10811802665754a3f4eab0c82868fea61fea9cc61aa47ac179"
"md","selector-resilience","tea","tea/workflows/testarch/bmad-testarch-ci/resources/knowledge/selector-resilience.md","a55c25a340f1cd10811802665754a3f4eab0c82868fea61fea9cc61aa47ac179"
"md","selector-resilience","tea","tea/workflows/testarch/bmad-testarch-framework/resources/knowledge/selector-resilience.md","a55c25a340f1cd10811802665754a3f4eab0c82868fea61fea9cc61aa47ac179"
"md","selector-resilience","tea","tea/workflows/testarch/bmad-testarch-nfr/resources/knowledge/selector-resilience.md","a55c25a340f1cd10811802665754a3f4eab0c82868fea61fea9cc61aa47ac179"
"md","selector-resilience","tea","tea/workflows/testarch/bmad-testarch-test-design/resources/knowledge/selector-resilience.md","a55c25a340f1cd10811802665754a3f4eab0c82868fea61fea9cc61aa47ac179"
"md","selector-resilience","tea","tea/workflows/testarch/bmad-testarch-test-review/resources/knowledge/selector-resilience.md","a55c25a340f1cd10811802665754a3f4eab0c82868fea61fea9cc61aa47ac179"
"md","selector-resilience","tea","tea/workflows/testarch/bmad-testarch-trace/resources/knowledge/selector-resilience.md","a55c25a340f1cd10811802665754a3f4eab0c82868fea61fea9cc61aa47ac179"
"md","session-notes-template","tea","tea/workflows/testarch/bmad-teach-me-testing/templates/session-notes-template.md","bdcc8dac35ed5ce2c7a95ab0fd55b2dfa27e3173ed1f5d78e44f8755514e1c70"
"md","SKILL","tea","tea/agents/bmad-tea/SKILL.md","4394e3c421d120be14ab6c41e84f02a026fe512a7a8617986caf119a061a2c1d"
"md","SKILL","tea","tea/workflows/testarch/bmad-teach-me-testing/SKILL.md","e911864a88874d682e42ef08394513bc79f62841290002093c5260114c350bc3"
"md","SKILL","tea","tea/workflows/testarch/bmad-testarch-atdd/SKILL.md","08e425cf8d7a0f499bb8254ba7f2f125c113e6e50f313ebff46de8b0f1eb7826"
"md","SKILL","tea","tea/workflows/testarch/bmad-testarch-automate/SKILL.md","eb817c6dbdb66391e3953b6c0ed0488c2bafdce00ac8b38705d428692586af26"
"md","SKILL","tea","tea/workflows/testarch/bmad-testarch-ci/SKILL.md","3d70fe8ade272f1b76e95fd6d66c866f3faec3811dc5c371fc774f8f7155be34"
"md","SKILL","tea","tea/workflows/testarch/bmad-testarch-framework/SKILL.md","cdfe744261ef8f6dcb542aa89caa2ba02460fba037ebbba38277967a197b5647"
"md","SKILL","tea","tea/workflows/testarch/bmad-testarch-nfr/SKILL.md","bd17dd91ca66d28ac7096466783cf3355294a35b8e5a9b068d37013639393b28"
"md","SKILL","tea","tea/workflows/testarch/bmad-testarch-test-design/SKILL.md","82c76fcafc36db03b1448d680f1b93ebe7149e8755045dbf182983b9560dc885"
"md","SKILL","tea","tea/workflows/testarch/bmad-testarch-test-review/SKILL.md","67925ce44c7084e3fef304ddacb173d6e9634871211fb12d866ce462e957812d"
"md","SKILL","tea","tea/workflows/testarch/bmad-testarch-trace/SKILL.md","8b53137f92ab7d964c12b8dcec8b1825cb6a6e84b64fa9d98459d3a589141eb1"
"md","step-01-assess","tea","tea/workflows/testarch/bmad-testarch-atdd/steps-e/step-01-assess.md","3b6b684b315dcb484e36fa5edadbd3b6e7c82d0b848a3a850ea528335254b9c2"
"md","step-01-assess","tea","tea/workflows/testarch/bmad-testarch-automate/steps-e/step-01-assess.md","3b6b684b315dcb484e36fa5edadbd3b6e7c82d0b848a3a850ea528335254b9c2"
"md","step-01-assess","tea","tea/workflows/testarch/bmad-testarch-ci/steps-e/step-01-assess.md","3b6b684b315dcb484e36fa5edadbd3b6e7c82d0b848a3a850ea528335254b9c2"
"md","step-01-assess","tea","tea/workflows/testarch/bmad-testarch-framework/steps-e/step-01-assess.md","3b6b684b315dcb484e36fa5edadbd3b6e7c82d0b848a3a850ea528335254b9c2"
"md","step-01-assess","tea","tea/workflows/testarch/bmad-testarch-nfr/steps-e/step-01-assess.md","3b6b684b315dcb484e36fa5edadbd3b6e7c82d0b848a3a850ea528335254b9c2"
"md","step-01-assess","tea","tea/workflows/testarch/bmad-testarch-test-design/steps-e/step-01-assess.md","3b6b684b315dcb484e36fa5edadbd3b6e7c82d0b848a3a850ea528335254b9c2"
"md","step-01-assess","tea","tea/workflows/testarch/bmad-testarch-test-review/steps-e/step-01-assess.md","3b6b684b315dcb484e36fa5edadbd3b6e7c82d0b848a3a850ea528335254b9c2"
"md","step-01-assess","tea","tea/workflows/testarch/bmad-testarch-trace/steps-e/step-01-assess.md","3b6b684b315dcb484e36fa5edadbd3b6e7c82d0b848a3a850ea528335254b9c2"
"md","step-01-detect-mode","tea","tea/workflows/testarch/bmad-testarch-test-design/steps-c/step-01-detect-mode.md","bde46fb32a38b34af13521ec7213969e0f680487e9670290c554e59625f2bb16"
"md","step-01-init","tea","tea/workflows/testarch/bmad-teach-me-testing/steps-c/step-01-init.md","f79263820de8c26f4211aefc5d41dabcdd49aa9696564956680b1590bb7ca3c4"
"md","step-01-load-context","tea","tea/workflows/testarch/bmad-testarch-nfr/steps-c/step-01-load-context.md","8c3d99b02fe31d2cef54d4084eaa7abd93106e866793122c5e1246c96f83b7a6"
"md","step-01-load-context","tea","tea/workflows/testarch/bmad-testarch-test-review/steps-c/step-01-load-context.md","57114ed5f2c2d178216dbf558bb13144401f09dbb711dfae0b004135b82327f4"
"md","step-01-load-context","tea","tea/workflows/testarch/bmad-testarch-trace/steps-c/step-01-load-context.md","fc97a76df95ca7ff8c3d9bad4088360c94acf476a4e1de0f7c4bf2b2bd44d30f"
"md","step-01-preflight","tea","tea/workflows/testarch/bmad-testarch-ci/steps-c/step-01-preflight.md","98cd15f9ae9da3aab459239d44c7b025142d2a71d05031436f575e018ff603e6"
"md","step-01-preflight","tea","tea/workflows/testarch/bmad-testarch-framework/steps-c/step-01-preflight.md","51d284aea0f1883633ff65f21fd91fb5ee1608da87a307d27af56b00dec2a833"
"md","step-01-preflight-and-context","tea","tea/workflows/testarch/bmad-testarch-atdd/steps-c/step-01-preflight-and-context.md","34cdc401362bd3ab0dcc2b550eaf8ba2ebf2df4e02bf7ee09021fc31bf7d28ee"
"md","step-01-preflight-and-context","tea","tea/workflows/testarch/bmad-testarch-automate/steps-c/step-01-preflight-and-context.md","7e26b73c7ce19796591c96857f07be7bb6a18084657c9b0ff860fe8457d2520b"
"md","step-01-validate","tea","tea/workflows/testarch/bmad-testarch-atdd/steps-v/step-01-validate.md","1c2f70ed891a88a20fb3850fcb2e8bf4033f55a10c01337a7365ecba2caa918b"
"md","step-01-validate","tea","tea/workflows/testarch/bmad-testarch-automate/steps-v/step-01-validate.md","125ba0bda6bfcf2cb7fd645da958495c55779ccd0169988e89c8585cbabfbd3a"
"md","step-01-validate","tea","tea/workflows/testarch/bmad-testarch-ci/steps-v/step-01-validate.md","ae08d692acfbd24076f86007445a6d4bbfc35b028f43b21c697e71bcb0398a98"
"md","step-01-validate","tea","tea/workflows/testarch/bmad-testarch-framework/steps-v/step-01-validate.md","50df977b589edb18a9c42e24a4eaab1bbea7625ce9b9c967df2198944b255b33"
"md","step-01-validate","tea","tea/workflows/testarch/bmad-testarch-nfr/steps-v/step-01-validate.md","41d09f1acdc025fa709c7334096f365f4be6baa445aab62e99ddf4f62b5d187f"
"md","step-01-validate","tea","tea/workflows/testarch/bmad-testarch-test-design/steps-v/step-01-validate.md","bd5dbff51e9f1740e410d1e0c161886e37195ffdf3632d429f12d804f7e8b1e2"
"md","step-01-validate","tea","tea/workflows/testarch/bmad-testarch-test-review/steps-v/step-01-validate.md","b279578004157dba1a96662f928f260a0a058ca545d9a384165f49a9bd8516ff"
"md","step-01-validate","tea","tea/workflows/testarch/bmad-testarch-trace/steps-v/step-01-validate.md","eece1a4a2512c2d6fcfe80bb47df88b672e1f286aff64ca98e8016576a520ed4"
"md","step-01b-continue","tea","tea/workflows/testarch/bmad-teach-me-testing/steps-c/step-01b-continue.md","1439cc4616a5c4466190f342253a20aa6178f8bdb8bb50c8195185ca35f8ea07"
"md","step-01b-resume","tea","tea/workflows/testarch/bmad-testarch-atdd/steps-c/step-01b-resume.md","45f951a8606c4de5ff2d0a7e809c12e50483a3a9e347eda3ed485c79b986ac5f"
"md","step-01b-resume","tea","tea/workflows/testarch/bmad-testarch-automate/steps-c/step-01b-resume.md","60153862c91240326628d85284357dbd7688636b43c5a04c00a96926aeb71d3b"
"md","step-01b-resume","tea","tea/workflows/testarch/bmad-testarch-ci/steps-c/step-01b-resume.md","b1e63561bfc0808481e6c408c94d4c1fcf12e0b204c8a9d9d0974040ab65d02d"
"md","step-01b-resume","tea","tea/workflows/testarch/bmad-testarch-framework/steps-c/step-01b-resume.md","c9e5bffd9fa15d28089442b960e3fb6c72a2f04c6cae911378d7362af9b77296"
"md","step-01b-resume","tea","tea/workflows/testarch/bmad-testarch-nfr/steps-c/step-01b-resume.md","15dca197639b5fcdcec04295cac1352ff0fb576643614b96d502e1a4f676fd34"
"md","step-01b-resume","tea","tea/workflows/testarch/bmad-testarch-test-design/steps-c/step-01b-resume.md","d75ad5d432f19ad27d01c199e3810faea64aef2cb23f6c3e1deba81cbf29d84b"
"md","step-01b-resume","tea","tea/workflows/testarch/bmad-testarch-test-review/steps-c/step-01b-resume.md","76a4534734133cd90fa3cd2c69e43128a3b2c953e4316600d6e564b9275119c9"
"md","step-01b-resume","tea","tea/workflows/testarch/bmad-testarch-trace/steps-c/step-01b-resume.md","8acc6fe769e7b99daa1f4c446ec3130bae804d969b4b1166f6d8b4220bcf7b08"
"md","step-02-apply-edit","tea","tea/workflows/testarch/bmad-testarch-atdd/steps-e/step-02-apply-edit.md","e91adf57c17b5d8f984fe4a1fc1090910ee0a6bb31e81dae19af8ca06e406e0a"
"md","step-02-apply-edit","tea","tea/workflows/testarch/bmad-testarch-automate/steps-e/step-02-apply-edit.md","e91adf57c17b5d8f984fe4a1fc1090910ee0a6bb31e81dae19af8ca06e406e0a"
"md","step-02-apply-edit","tea","tea/workflows/testarch/bmad-testarch-ci/steps-e/step-02-apply-edit.md","e91adf57c17b5d8f984fe4a1fc1090910ee0a6bb31e81dae19af8ca06e406e0a"
"md","step-02-apply-edit","tea","tea/workflows/testarch/bmad-testarch-framework/steps-e/step-02-apply-edit.md","e91adf57c17b5d8f984fe4a1fc1090910ee0a6bb31e81dae19af8ca06e406e0a"
"md","step-02-apply-edit","tea","tea/workflows/testarch/bmad-testarch-nfr/steps-e/step-02-apply-edit.md","e91adf57c17b5d8f984fe4a1fc1090910ee0a6bb31e81dae19af8ca06e406e0a"
"md","step-02-apply-edit","tea","tea/workflows/testarch/bmad-testarch-test-design/steps-e/step-02-apply-edit.md","e91adf57c17b5d8f984fe4a1fc1090910ee0a6bb31e81dae19af8ca06e406e0a"
"md","step-02-apply-edit","tea","tea/workflows/testarch/bmad-testarch-test-review/steps-e/step-02-apply-edit.md","e91adf57c17b5d8f984fe4a1fc1090910ee0a6bb31e81dae19af8ca06e406e0a"
"md","step-02-apply-edit","tea","tea/workflows/testarch/bmad-testarch-trace/steps-e/step-02-apply-edit.md","e91adf57c17b5d8f984fe4a1fc1090910ee0a6bb31e81dae19af8ca06e406e0a"
"md","step-02-assess","tea","tea/workflows/testarch/bmad-teach-me-testing/steps-c/step-02-assess.md","6a40830751d93b7262e8042d6d88cff7e38464f39e88775137e4d3ed913d7fd3"
"md","step-02-define-thresholds","tea","tea/workflows/testarch/bmad-testarch-nfr/steps-c/step-02-define-thresholds.md","4a7c068e6d266476927c833f8a8aabe85b82bc824827bb04fe300e5e21281db9"
"md","step-02-discover-tests","tea","tea/workflows/testarch/bmad-testarch-test-review/steps-c/step-02-discover-tests.md","7e5a43b9b911f54d4a4f1d4e700fd2bf38ccc49e723d9a7e76ee9c99db22d117"
"md","step-02-discover-tests","tea","tea/workflows/testarch/bmad-testarch-trace/steps-c/step-02-discover-tests.md","4893387288b9dd8756945eac8786729213bf03ee939c1be90f2a1aa54ce713db"
"md","step-02-generate-pipeline","tea","tea/workflows/testarch/bmad-testarch-ci/steps-c/step-02-generate-pipeline.md","8ac9f3505bd95884af7701c8306058c81ac913e60be53729456653fe60d5bca5"
"md","step-02-generation-mode","tea","tea/workflows/testarch/bmad-testarch-atdd/steps-c/step-02-generation-mode.md","0edcf6694ef40be0a2bd3f39766399fb52b29fadd51ef77a3c1d3dfa96f4a4e1"
"md","step-02-identify-targets","tea","tea/workflows/testarch/bmad-testarch-automate/steps-c/step-02-identify-targets.md","34972ecd02f8ac0a10fc6f3b7dee048c5ca47a82cabc89ae1d8894e237d93836"
"md","step-02-load-context","tea","tea/workflows/testarch/bmad-testarch-test-design/steps-c/step-02-load-context.md","18be13c5e99aadeb24844a50b0882967e6bccc901919dfb4b38de9ae3a229939"
"md","step-02-select-framework","tea","tea/workflows/testarch/bmad-testarch-framework/steps-c/step-02-select-framework.md","0e3b9220c75a1c27f746335aacb76f451b54c7da7c7330adfb3f1799ca02061c"
"md","step-03-configure-quality-gates","tea","tea/workflows/testarch/bmad-testarch-ci/steps-c/step-03-configure-quality-gates.md","c58a107af6653aedc6e6009c2cef0594dd48e06591571c4731e91872494e8b90"
"md","step-03-gather-evidence","tea","tea/workflows/testarch/bmad-testarch-nfr/steps-c/step-03-gather-evidence.md","3b8bd509f74d05028894a752ba3a666dc9c4cdee77fe5c4d5a4b609c02f1702d"
"md","step-03-generate-tests","tea","tea/workflows/testarch/bmad-testarch-automate/steps-c/step-03-generate-tests.md","7aba2e7074aae8578b58e6af8adbe8d6691546656fe3021c380a7554ab0c676d"
"md","step-03-map-criteria","tea","tea/workflows/testarch/bmad-testarch-trace/steps-c/step-03-map-criteria.md","5e2087c51e6c24dd1933110ac7a015524111839958cf30817b7c69a9f7294f8e"
"md","step-03-quality-evaluation","tea","tea/workflows/testarch/bmad-testarch-test-review/steps-c/step-03-quality-evaluation.md","24992f4179c7b59efd0dd60e78adaed093d44482c13ecf44e735069eb381b916"
"md","step-03-risk-and-testability","tea","tea/workflows/testarch/bmad-testarch-test-design/steps-c/step-03-risk-and-testability.md","3eddd6afbe6ac7e1267d42dc1cf301e3b4a5b3fb37e1ad7ce2f62f8a5fba522b"
"md","step-03-scaffold-framework","tea","tea/workflows/testarch/bmad-testarch-framework/steps-c/step-03-scaffold-framework.md","bca0e6c2c520a9cc00bea1c10591fe62f334dd81d520b1c2ae9ed776327ae87b"
"md","step-03-session-menu","tea","tea/workflows/testarch/bmad-teach-me-testing/steps-c/step-03-session-menu.md","98fdb39dc5ce78312c137b7f9f4ac7fc7d6355924f30056f3fb62f8d72e0a561"
"md","step-03-test-strategy","tea","tea/workflows/testarch/bmad-testarch-atdd/steps-c/step-03-test-strategy.md","e5301713d80b141bbf789d47f7488d5d08e89b596d90fe3b483590e4545c1cd3"
"md","step-03a-subagent-api","tea","tea/workflows/testarch/bmad-testarch-automate/steps-c/step-03a-subagent-api.md","3d6d03881af711cdc9ac7f360c5b6fec0be89f14abe6abf4d82cb4b33d377a6c"
"md","step-03a-subagent-determinism","tea","tea/workflows/testarch/bmad-testarch-test-review/steps-c/step-03a-subagent-determinism.md","ea5021321693d2f408d7aced9b4fdd65357d88c62bc6abb34132129d8b37eceb"
"md","step-03b-subagent-backend","tea","tea/workflows/testarch/bmad-testarch-automate/steps-c/step-03b-subagent-backend.md","a618d48ba9d8cb4b412b5bf455dc7cf883448b7f2fa6ab832424bbd255fa1844"
"md","step-03b-subagent-e2e","tea","tea/workflows/testarch/bmad-testarch-automate/steps-c/step-03b-subagent-e2e.md","3af11a3e073355e2cec275599cd835f9c2f85c41266e7e875e26656530fc0841"
"md","step-03b-subagent-isolation","tea","tea/workflows/testarch/bmad-testarch-test-review/steps-c/step-03b-subagent-isolation.md","bade8e67b4be797c8d0ad604cb46380b3d46d52b57936531f4e882903dbd93f7"
"md","step-03b-subagent-mobile","tea","tea/workflows/testarch/bmad-testarch-automate/steps-c/step-03b-subagent-mobile.md","e0b3ced1aa8f3bee37880e1f03df2ff8464cdc26dbb15e2248f959ec426bf121"
"md","step-03c-aggregate","tea","tea/workflows/testarch/bmad-testarch-automate/steps-c/step-03c-aggregate.md","abc9d768c9baccd7a18abee09e0819f11ef1fd3127880bcc5405e3274971ff38"
"md","step-03c-subagent-maintainability","tea","tea/workflows/testarch/bmad-testarch-test-review/steps-c/step-03c-subagent-maintainability.md","a763ded2b657a5637988f03447b0ef212ec83031737edcfd20dd8012765fb337"
"md","step-03e-subagent-performance","tea","tea/workflows/testarch/bmad-testarch-test-review/steps-c/step-03e-subagent-performance.md","25cbd464ff424ba0dd0e6996ec61184522aa7f441a705fdd7ffc73d94b16b24d"
"md","step-03f-aggregate-scores","tea","tea/workflows/testarch/bmad-testarch-test-review/steps-c/step-03f-aggregate-scores.md","8eb52c39630305edf8db4ee7926f774c54ed456c335086b981ea5c61181fcbbe"
"md","step-04-analyze-gaps","tea","tea/workflows/testarch/bmad-testarch-trace/steps-c/step-04-analyze-gaps.md","458c0d9de2d48a94db255ce917f5bfa86370fccacdc92cb2e8468ad6fae114ba"
"md","step-04-coverage-plan","tea","tea/workflows/testarch/bmad-testarch-test-design/steps-c/step-04-coverage-plan.md","48bf23551bd6c91368d650a83c0c90da94b7f610a89d58264d325d210e8ef74d"
"md","step-04-docs-and-scripts","tea","tea/workflows/testarch/bmad-testarch-framework/steps-c/step-04-docs-and-scripts.md","fda65ca12ba1c90f16dbe74ebb109fd60757c350b682b183b4460136d34a012a"
"md","step-04-evaluate-and-score","tea","tea/workflows/testarch/bmad-testarch-nfr/steps-c/step-04-evaluate-and-score.md","93fb8e8f33e8b9bf067b87e235647c194ebba4f5f953528f2f69bfef57f16260"
"md","step-04-generate-report","tea","tea/workflows/testarch/bmad-testarch-test-review/steps-c/step-04-generate-report.md","5dd6c44bf650f04365ab8f1456f1e639c697a9df344ee47742c4870f8acaa884"
"md","step-04-generate-tests","tea","tea/workflows/testarch/bmad-testarch-atdd/steps-c/step-04-generate-tests.md","b26f1a97f5b39bf22b60b0da4de22cb20e0a45d302043968e32ebfa24c3ef09c"
"md","step-04-session-01","tea","tea/workflows/testarch/bmad-teach-me-testing/steps-c/step-04-session-01.md","a0f5f93354f01440ecedb513924acebd9ee679ef59c7c10c4ab3d885cf50b5ce"
"md","step-04-session-02","tea","tea/workflows/testarch/bmad-teach-me-testing/steps-c/step-04-session-02.md","227e62cf1686a9f01c22e39e1053ec188eceb581c7367df1725d959f0d6f5e11"
"md","step-04-session-03","tea","tea/workflows/testarch/bmad-teach-me-testing/steps-c/step-04-session-03.md","9c62152a4fb83c2e7ec1c9769a201453f97a7a402a0293dd5893886e7aea35c0"
"md","step-04-session-04","tea","tea/workflows/testarch/bmad-teach-me-testing/steps-c/step-04-session-04.md","f310e8d747bdb46c759a373cc2158585ebe2a6056ac15d391d929a0511efc8a1"
"md","step-04-session-05","tea","tea/workflows/testarch/bmad-teach-me-testing/steps-c/step-04-session-05.md","9ba50708f76345d3b6be2eb12f5660ba7f03cfee80032c055f6c78cb3c4bfae2"
"md","step-04-session-06","tea","tea/workflows/testarch/bmad-teach-me-testing/steps-c/step-04-session-06.md","08a615ac90822c0b00dcb65f1a503b9d38a31a93121f9c1a468287d69b7c34fe"
"md","step-04-session-07","tea","tea/workflows/testarch/bmad-teach-me-testing/steps-c/step-04-session-07.md","795e33d8dac87fecf95ed9905bdabd975ff9f11f07f3fb7ea8da827a20c9cbf8"
"md","step-04-validate-and-summarize","tea","tea/workflows/testarch/bmad-testarch-automate/steps-c/step-04-validate-and-summarize.md","e95cf484ea9c958d8e5362e96f8ccdb3d3468067399ca856ecedf01d68b9ac71"
"md","step-04-validate-and-summary","tea","tea/workflows/testarch/bmad-testarch-ci/steps-c/step-04-validate-and-summary.md","c9d29ef979c4311f49338e2d8d83490957f4b9dbbbfb7f52b01fad8408912aec"
"md","step-04a-subagent-api-failing","tea","tea/workflows/testarch/bmad-testarch-atdd/steps-c/step-04a-subagent-api-failing.md","08a4de2937d12e75a28444806534b3338eae108fc68fea490fc51c79982ab4be"
"md","step-04a-subagent-security","tea","tea/workflows/testarch/bmad-testarch-nfr/steps-c/step-04a-subagent-security.md","f228e0747c5238ca4da4e3b6a2f98d74285288e33261e463df859074624276c4"
"md","step-04b-subagent-e2e-failing","tea","tea/workflows/testarch/bmad-testarch-atdd/steps-c/step-04b-subagent-e2e-failing.md","cf8cfc0c9daf9f94f6d0832655c135ed02d51b564364f5b8bb9ef2ccf68fc318"
"md","step-04b-subagent-performance","tea","tea/workflows/testarch/bmad-testarch-nfr/steps-c/step-04b-subagent-performance.md","a69bb7f05c1d63fde99f4d8fc959ac828bffd1f77b311a3f808a7d9d57aa9c57"
"md","step-04c-aggregate","tea","tea/workflows/testarch/bmad-testarch-atdd/steps-c/step-04c-aggregate.md","357d40056a335b630c6995a2a85d17fb697d45302a539dfcb6bedcbda4f7416d"
"md","step-04c-subagent-reliability","tea","tea/workflows/testarch/bmad-testarch-nfr/steps-c/step-04c-subagent-reliability.md","d3c0b61ef022139e4386d71b2e95924491f1bbd228e2df69504825aeee1d5eb5"
"md","step-04d-subagent-maintainability","tea","tea/workflows/testarch/bmad-testarch-nfr/steps-c/step-04d-subagent-maintainability.md","0bad3b353d26d228dbcb510f2c97f8307d98a8d4c40162d1804ad3c406e5c165"
"md","step-04e-aggregate-nfr","tea","tea/workflows/testarch/bmad-testarch-nfr/steps-c/step-04e-aggregate-nfr.md","eb200193def17afc6bf702bab89aa9101c6176f3db5df415a1c7f854a466ae64"
"md","step-05-completion","tea","tea/workflows/testarch/bmad-teach-me-testing/steps-c/step-05-completion.md","b35784b0e869024e4d31140834125e40c80d6f3482d0ad012de132e50afc2021"
"md","step-05-gate-decision","tea","tea/workflows/testarch/bmad-testarch-trace/steps-c/step-05-gate-decision.md","107edf6be8a66a318e4b662545338aebd87ca839f911d5c0a68bd85d4d72707c"
"md","step-05-generate-output","tea","tea/workflows/testarch/bmad-testarch-test-design/steps-c/step-05-generate-output.md","8407b79c600af4c68677ecaad84480bfa55068a021403137a5d30d41f67bc74c"
"md","step-05-generate-report","tea","tea/workflows/testarch/bmad-testarch-nfr/steps-c/step-05-generate-report.md","f0262ec72e66f976c34dcf521a3683a4f799672545381355994c6da31b7bd79c"
"md","step-05-validate-and-complete","tea","tea/workflows/testarch/bmad-testarch-atdd/steps-c/step-05-validate-and-complete.md","2fa7e0aa5097c27be607ede03f177f96f1b102384af0a95421829a84894953a3"
"md","step-05-validate-and-summary","tea","tea/workflows/testarch/bmad-testarch-framework/steps-c/step-05-validate-and-summary.md","c857746f3511a2508176d2f40c35ad40bb314d7de33388a734435633f126b76a"
"md","step-e-01-assess-workflow","tea","tea/workflows/testarch/bmad-teach-me-testing/steps-e/step-e-01-assess-workflow.md","e432c582add7ed7726693d3ad6c07861ab76f9d57a0b11a59c9d223f62d14b16"
"md","step-e-02-apply-edits","tea","tea/workflows/testarch/bmad-teach-me-testing/steps-e/step-e-02-apply-edits.md","8a602e7be1490b26a9a95022e55158e0244e8e8651df8c2da881e05a03e75c9d"
"md","step-v-01-validate","tea","tea/workflows/testarch/bmad-teach-me-testing/steps-v/step-v-01-validate.md","f89a291ca524cb1f5e6dee7183fd3f18757af040e819031fd35933efc70e4628"
"md","tea-completion-summary.example","tea","tea/workflows/testarch/bmad-teach-me-testing/resources/tea-completion-summary.example.md","85208f7cd2e91c816341c5d1558a248a59b2116ce9be4b76527a10986e3a8973"
"md","test-design-architecture-template","tea","tea/workflows/testarch/bmad-testarch-test-design/test-design-architecture-template.md","2b633e96a182720b389839ffd5ae547322ba0fa1b056920230dbe8defd972899"
"md","test-design-epic-3.example","tea","tea/workflows/testarch/bmad-testarch-test-design/resources/test-design-epic-3.example.md","cdd5cfdf6aff3506b52ce48a313d350499c30db432bf848882981082a0a4ca61"
"md","test-design-handoff-template","tea","tea/workflows/testarch/bmad-testarch-test-design/test-design-handoff-template.md","ce1dd24dd95244e4a511bef74a3a7cb10e5620a3a137195a31608f81ac7e7b1b"
"md","test-design-qa-template","tea","tea/workflows/testarch/bmad-testarch-test-design/test-design-qa-template.md","9de161761ee2acb1ec23dbcd133c621645d8dda5c370915f6105ac0c48489bfe"
"md","test-design-template","tea","tea/workflows/testarch/bmad-testarch-test-design/test-design-template.md","4fd32d51f2881f6d350757cd3b81bf6d79b88654bf2c619d226e766dc9c45fa2"
"md","test-healing-patterns","tea","tea/agents/bmad-tea/resources/knowledge/test-healing-patterns.md","b44f7db1ebb1c20ca4ef02d12cae95f692876aee02689605d4b15fe728d28fdf"
"md","test-healing-patterns","tea","tea/workflows/testarch/bmad-testarch-atdd/resources/knowledge/test-healing-patterns.md","b44f7db1ebb1c20ca4ef02d12cae95f692876aee02689605d4b15fe728d28fdf"
"md","test-healing-patterns","tea","tea/workflows/testarch/bmad-testarch-automate/resources/knowledge/test-healing-patterns.md","b44f7db1ebb1c20ca4ef02d12cae95f692876aee02689605d4b15fe728d28fdf"
"md","test-healing-patterns","tea","tea/workflows/testarch/bmad-testarch-ci/resources/knowledge/test-healing-patterns.md","b44f7db1ebb1c20ca4ef02d12cae95f692876aee02689605d4b15fe728d28fdf"
"md","test-healing-patterns","tea","tea/workflows/testarch/bmad-testarch-framework/resources/knowledge/test-healing-patterns.md","b44f7db1ebb1c20ca4ef02d12cae95f692876aee02689605d4b15fe728d28fdf"
"md","test-healing-patterns","tea","tea/workflows/testarch/bmad-testarch-nfr/resources/knowledge/test-healing-patterns.md","b44f7db1ebb1c20ca4ef02d12cae95f692876aee02689605d4b15fe728d28fdf"
"md","test-healing-patterns","tea","tea/workflows/testarch/bmad-testarch-test-design/resources/knowledge/test-healing-patterns.md","b44f7db1ebb1c20ca4ef02d12cae95f692876aee02689605d4b15fe728d28fdf"
"md","test-healing-patterns","tea","tea/workflows/testarch/bmad-testarch-test-review/resources/knowledge/test-healing-patterns.md","b44f7db1ebb1c20ca4ef02d12cae95f692876aee02689605d4b15fe728d28fdf"
"md","test-healing-patterns","tea","tea/workflows/testarch/bmad-testarch-trace/resources/knowledge/test-healing-patterns.md","b44f7db1ebb1c20ca4ef02d12cae95f692876aee02689605d4b15fe728d28fdf"
"md","test-levels-framework","tea","tea/agents/bmad-tea/resources/knowledge/test-levels-framework.md","80bbac7959a47a2e7e7de82613296f906954d571d2d64ece13381c1a0b480237"
"md","test-levels-framework","tea","tea/workflows/testarch/bmad-testarch-atdd/resources/knowledge/test-levels-framework.md","80bbac7959a47a2e7e7de82613296f906954d571d2d64ece13381c1a0b480237"
"md","test-levels-framework","tea","tea/workflows/testarch/bmad-testarch-automate/resources/knowledge/test-levels-framework.md","80bbac7959a47a2e7e7de82613296f906954d571d2d64ece13381c1a0b480237"
"md","test-levels-framework","tea","tea/workflows/testarch/bmad-testarch-ci/resources/knowledge/test-levels-framework.md","80bbac7959a47a2e7e7de82613296f906954d571d2d64ece13381c1a0b480237"
"md","test-levels-framework","tea","tea/workflows/testarch/bmad-testarch-framework/resources/knowledge/test-levels-framework.md","80bbac7959a47a2e7e7de82613296f906954d571d2d64ece13381c1a0b480237"
"md","test-levels-framework","tea","tea/workflows/testarch/bmad-testarch-nfr/resources/knowledge/test-levels-framework.md","80bbac7959a47a2e7e7de82613296f906954d571d2d64ece13381c1a0b480237"
"md","test-levels-framework","tea","tea/workflows/testarch/bmad-testarch-test-design/resources/knowledge/test-levels-framework.md","80bbac7959a47a2e7e7de82613296f906954d571d2d64ece13381c1a0b480237"
"md","test-levels-framework","tea","tea/workflows/testarch/bmad-testarch-test-review/resources/knowledge/test-levels-framework.md","80bbac7959a47a2e7e7de82613296f906954d571d2d64ece13381c1a0b480237"
"md","test-levels-framework","tea","tea/workflows/testarch/bmad-testarch-trace/resources/knowledge/test-levels-framework.md","80bbac7959a47a2e7e7de82613296f906954d571d2d64ece13381c1a0b480237"
"md","test-priorities-matrix","tea","tea/agents/bmad-tea/resources/knowledge/test-priorities-matrix.md","69d8a0d4a717077dec08799630dfcd790342c86ff52dc43a31c5cdbcd03099a9"
"md","test-priorities-matrix","tea","tea/workflows/testarch/bmad-testarch-atdd/resources/knowledge/test-priorities-matrix.md","69d8a0d4a717077dec08799630dfcd790342c86ff52dc43a31c5cdbcd03099a9"
"md","test-priorities-matrix","tea","tea/workflows/testarch/bmad-testarch-automate/resources/knowledge/test-priorities-matrix.md","69d8a0d4a717077dec08799630dfcd790342c86ff52dc43a31c5cdbcd03099a9"
"md","test-priorities-matrix","tea","tea/workflows/testarch/bmad-testarch-ci/resources/knowledge/test-priorities-matrix.md","69d8a0d4a717077dec08799630dfcd790342c86ff52dc43a31c5cdbcd03099a9"
"md","test-priorities-matrix","tea","tea/workflows/testarch/bmad-testarch-framework/resources/knowledge/test-priorities-matrix.md","69d8a0d4a717077dec08799630dfcd790342c86ff52dc43a31c5cdbcd03099a9"
"md","test-priorities-matrix","tea","tea/workflows/testarch/bmad-testarch-nfr/resources/knowledge/test-priorities-matrix.md","69d8a0d4a717077dec08799630dfcd790342c86ff52dc43a31c5cdbcd03099a9"
"md","test-priorities-matrix","tea","tea/workflows/testarch/bmad-testarch-test-design/resources/knowledge/test-priorities-matrix.md","69d8a0d4a717077dec08799630dfcd790342c86ff52dc43a31c5cdbcd03099a9"
"md","test-priorities-matrix","tea","tea/workflows/testarch/bmad-testarch-test-review/resources/knowledge/test-priorities-matrix.md","69d8a0d4a717077dec08799630dfcd790342c86ff52dc43a31c5cdbcd03099a9"
"md","test-priorities-matrix","tea","tea/workflows/testarch/bmad-testarch-trace/resources/knowledge/test-priorities-matrix.md","69d8a0d4a717077dec08799630dfcd790342c86ff52dc43a31c5cdbcd03099a9"
"md","test-quality","tea","tea/agents/bmad-tea/resources/knowledge/test-quality.md","d29d97571514d0c191200ed25047a0a5f68c23eeb8a99a4d0dfeff2c33d12fa9"
"md","test-quality","tea","tea/workflows/testarch/bmad-testarch-atdd/resources/knowledge/test-quality.md","d29d97571514d0c191200ed25047a0a5f68c23eeb8a99a4d0dfeff2c33d12fa9"
"md","test-quality","tea","tea/workflows/testarch/bmad-testarch-automate/resources/knowledge/test-quality.md","d29d97571514d0c191200ed25047a0a5f68c23eeb8a99a4d0dfeff2c33d12fa9"
"md","test-quality","tea","tea/workflows/testarch/bmad-testarch-ci/resources/knowledge/test-quality.md","d29d97571514d0c191200ed25047a0a5f68c23eeb8a99a4d0dfeff2c33d12fa9"
"md","test-quality","tea","tea/workflows/testarch/bmad-testarch-framework/resources/knowledge/test-quality.md","d29d97571514d0c191200ed25047a0a5f68c23eeb8a99a4d0dfeff2c33d12fa9"
"md","test-quality","tea","tea/workflows/testarch/bmad-testarch-nfr/resources/knowledge/test-quality.md","d29d97571514d0c191200ed25047a0a5f68c23eeb8a99a4d0dfeff2c33d12fa9"
"md","test-quality","tea","tea/workflows/testarch/bmad-testarch-test-design/resources/knowledge/test-quality.md","d29d97571514d0c191200ed25047a0a5f68c23eeb8a99a4d0dfeff2c33d12fa9"
"md","test-quality","tea","tea/workflows/testarch/bmad-testarch-test-review/resources/knowledge/test-quality.md","d29d97571514d0c191200ed25047a0a5f68c23eeb8a99a4d0dfeff2c33d12fa9"
"md","test-quality","tea","tea/workflows/testarch/bmad-testarch-trace/resources/knowledge/test-quality.md","d29d97571514d0c191200ed25047a0a5f68c23eeb8a99a4d0dfeff2c33d12fa9"
"md","test-review-template","tea","tea/workflows/testarch/bmad-testarch-test-review/test-review-template.md","538e48e011666dd1169c745b22f524239d67f14d29ea6ebe54f46a9e31f2f67e"
"md","test-review.example","tea","tea/workflows/testarch/bmad-testarch-test-review/resources/test-review.example.md","a3e963c65cc06c76f6ac335a8576c69ee10769e68902ae5778befaf1348b89a4"
"md","timing-debugging","tea","tea/agents/bmad-tea/resources/knowledge/timing-debugging.md","c975dcdc0382eef9bed4c2359f808481b8cb8402d9bc6e327ec5b40e26f5e381"
"md","timing-debugging","tea","tea/workflows/testarch/bmad-testarch-atdd/resources/knowledge/timing-debugging.md","c975dcdc0382eef9bed4c2359f808481b8cb8402d9bc6e327ec5b40e26f5e381"
"md","timing-debugging","tea","tea/workflows/testarch/bmad-testarch-automate/resources/knowledge/timing-debugging.md","c975dcdc0382eef9bed4c2359f808481b8cb8402d9bc6e327ec5b40e26f5e381"
"md","timing-debugging","tea","tea/workflows/testarch/bmad-testarch-ci/resources/knowledge/timing-debugging.md","c975dcdc0382eef9bed4c2359f808481b8cb8402d9bc6e327ec5b40e26f5e381"
"md","timing-debugging","tea","tea/workflows/testarch/bmad-testarch-framework/resources/knowledge/timing-debugging.md","c975dcdc0382eef9bed4c2359f808481b8cb8402d9bc6e327ec5b40e26f5e381"
"md","timing-debugging","tea","tea/workflows/testarch/bmad-testarch-nfr/resources/knowledge/timing-debugging.md","c975dcdc0382eef9bed4c2359f808481b8cb8402d9bc6e327ec5b40e26f5e381"
"md","timing-debugging","tea","tea/workflows/testarch/bmad-testarch-test-design/resources/knowledge/timing-debugging.md","c975dcdc0382eef9bed4c2359f808481b8cb8402d9bc6e327ec5b40e26f5e381"
"md","timing-debugging","tea","tea/workflows/testarch/bmad-testarch-test-review/resources/knowledge/timing-debugging.md","c975dcdc0382eef9bed4c2359f808481b8cb8402d9bc6e327ec5b40e26f5e381"
"md","timing-debugging","tea","tea/workflows/testarch/bmad-testarch-trace/resources/knowledge/timing-debugging.md","c975dcdc0382eef9bed4c2359f808481b8cb8402d9bc6e327ec5b40e26f5e381"
"md","trace-template","tea","tea/workflows/testarch/bmad-testarch-trace/trace-template.md","0418f39e9cc5900ea2eec4a9cd07a9a4cfb3e4361bea66cc70d6020917713e40"
"md","traceability-matrix.example","tea","tea/workflows/testarch/bmad-testarch-trace/resources/traceability-matrix.example.md","4f9157494ef6effa4f647b84007b19917563029a626108934fb0f7011453dd21"
"md","visual-debugging","tea","tea/agents/bmad-tea/resources/knowledge/visual-debugging.md","f1a7db59553aee691550e2c62ca15348a2703dea738b76cd38e22cfcfe2bf7c8"
"md","visual-debugging","tea","tea/workflows/testarch/bmad-testarch-atdd/resources/knowledge/visual-debugging.md","f1a7db59553aee691550e2c62ca15348a2703dea738b76cd38e22cfcfe2bf7c8"
"md","visual-debugging","tea","tea/workflows/testarch/bmad-testarch-automate/resources/knowledge/visual-debugging.md","f1a7db59553aee691550e2c62ca15348a2703dea738b76cd38e22cfcfe2bf7c8"
"md","visual-debugging","tea","tea/workflows/testarch/bmad-testarch-ci/resources/knowledge/visual-debugging.md","f1a7db59553aee691550e2c62ca15348a2703dea738b76cd38e22cfcfe2bf7c8"
"md","visual-debugging","tea","tea/workflows/testarch/bmad-testarch-framework/resources/knowledge/visual-debugging.md","f1a7db59553aee691550e2c62ca15348a2703dea738b76cd38e22cfcfe2bf7c8"
"md","visual-debugging","tea","tea/workflows/testarch/bmad-testarch-nfr/resources/knowledge/visual-debugging.md","f1a7db59553aee691550e2c62ca15348a2703dea738b76cd38e22cfcfe2bf7c8"
"md","visual-debugging","tea","tea/workflows/testarch/bmad-testarch-test-design/resources/knowledge/visual-debugging.md","f1a7db59553aee691550e2c62ca15348a2703dea738b76cd38e22cfcfe2bf7c8"
"md","visual-debugging","tea","tea/workflows/testarch/bmad-testarch-test-review/resources/knowledge/visual-debugging.md","f1a7db59553aee691550e2c62ca15348a2703dea738b76cd38e22cfcfe2bf7c8"
"md","visual-debugging","tea","tea/workflows/testarch/bmad-testarch-trace/resources/knowledge/visual-debugging.md","f1a7db59553aee691550e2c62ca15348a2703dea738b76cd38e22cfcfe2bf7c8"
"md","webhook-module-setup","tea","tea/agents/bmad-tea/resources/knowledge/webhook-module-setup.md","87dd6d7eb4dfd45691ccbb876a0bdf0b8a8b8622351be7539b8fb80504068048"
"md","webhook-module-setup","tea","tea/workflows/testarch/bmad-testarch-atdd/resources/knowledge/webhook-module-setup.md","87dd6d7eb4dfd45691ccbb876a0bdf0b8a8b8622351be7539b8fb80504068048"
"md","webhook-module-setup","tea","tea/workflows/testarch/bmad-testarch-automate/resources/knowledge/webhook-module-setup.md","87dd6d7eb4dfd45691ccbb876a0bdf0b8a8b8622351be7539b8fb80504068048"
"md","webhook-module-setup","tea","tea/workflows/testarch/bmad-testarch-ci/resources/knowledge/webhook-module-setup.md","87dd6d7eb4dfd45691ccbb876a0bdf0b8a8b8622351be7539b8fb80504068048"
"md","webhook-module-setup","tea","tea/workflows/testarch/bmad-testarch-framework/resources/knowledge/webhook-module-setup.md","87dd6d7eb4dfd45691ccbb876a0bdf0b8a8b8622351be7539b8fb80504068048"
"md","webhook-module-setup","tea","tea/workflows/testarch/bmad-testarch-nfr/resources/knowledge/webhook-module-setup.md","87dd6d7eb4dfd45691ccbb876a0bdf0b8a8b8622351be7539b8fb80504068048"
"md","webhook-module-setup","tea","tea/workflows/testarch/bmad-testarch-test-design/resources/knowledge/webhook-module-setup.md","87dd6d7eb4dfd45691ccbb876a0bdf0b8a8b8622351be7539b8fb80504068048"
"md","webhook-module-setup","tea","tea/workflows/testarch/bmad-testarch-test-review/resources/knowledge/webhook-module-setup.md","87dd6d7eb4dfd45691ccbb876a0bdf0b8a8b8622351be7539b8fb80504068048"
"md","webhook-module-setup","tea","tea/workflows/testarch/bmad-testarch-trace/resources/knowledge/webhook-module-setup.md","87dd6d7eb4dfd45691ccbb876a0bdf0b8a8b8622351be7539b8fb80504068048"
"md","webhook-providers","tea","tea/agents/bmad-tea/resources/knowledge/webhook-providers.md","a71ba2c09c45541d4d262c4db85fb9b2aeb021bb09779c65454a5ed3bd546c63"
"md","webhook-providers","tea","tea/workflows/testarch/bmad-testarch-atdd/resources/knowledge/webhook-providers.md","a71ba2c09c45541d4d262c4db85fb9b2aeb021bb09779c65454a5ed3bd546c63"
"md","webhook-providers","tea","tea/workflows/testarch/bmad-testarch-automate/resources/knowledge/webhook-providers.md","a71ba2c09c45541d4d262c4db85fb9b2aeb021bb09779c65454a5ed3bd546c63"
"md","webhook-providers","tea","tea/workflows/testarch/bmad-testarch-ci/resources/knowledge/webhook-providers.md","a71ba2c09c45541d4d262c4db85fb9b2aeb021bb09779c65454a5ed3bd546c63"
"md","webhook-providers","tea","tea/workflows/testarch/bmad-testarch-framework/resources/knowledge/webhook-providers.md","a71ba2c09c45541d4d262c4db85fb9b2aeb021bb09779c65454a5ed3bd546c63"
"md","webhook-providers","tea","tea/workflows/testarch/bmad-testarch-nfr/resources/knowledge/webhook-providers.md","a71ba2c09c45541d4d262c4db85fb9b2aeb021bb09779c65454a5ed3bd546c63"
"md","webhook-providers","tea","tea/workflows/testarch/bmad-testarch-test-design/resources/knowledge/webhook-providers.md","a71ba2c09c45541d4d262c4db85fb9b2aeb021bb09779c65454a5ed3bd546c63"
"md","webhook-providers","tea","tea/workflows/testarch/bmad-testarch-test-review/resources/knowledge/webhook-providers.md","a71ba2c09c45541d4d262c4db85fb9b2aeb021bb09779c65454a5ed3bd546c63"
"md","webhook-providers","tea","tea/workflows/testarch/bmad-testarch-trace/resources/knowledge/webhook-providers.md","a71ba2c09c45541d4d262c4db85fb9b2aeb021bb09779c65454a5ed3bd546c63"
"md","webhook-risk-guidance","tea","tea/agents/bmad-tea/resources/knowledge/webhook-risk-guidance.md","8bd40218b2427c18212afa3f5bbc8ce251f4385ca2ae2ac62e6a907fa342200e"
"md","webhook-risk-guidance","tea","tea/workflows/testarch/bmad-testarch-atdd/resources/knowledge/webhook-risk-guidance.md","8bd40218b2427c18212afa3f5bbc8ce251f4385ca2ae2ac62e6a907fa342200e"
"md","webhook-risk-guidance","tea","tea/workflows/testarch/bmad-testarch-automate/resources/knowledge/webhook-risk-guidance.md","8bd40218b2427c18212afa3f5bbc8ce251f4385ca2ae2ac62e6a907fa342200e"
"md","webhook-risk-guidance","tea","tea/workflows/testarch/bmad-testarch-ci/resources/knowledge/webhook-risk-guidance.md","8bd40218b2427c18212afa3f5bbc8ce251f4385ca2ae2ac62e6a907fa342200e"
"md","webhook-risk-guidance","tea","tea/workflows/testarch/bmad-testarch-framework/resources/knowledge/webhook-risk-guidance.md","8bd40218b2427c18212afa3f5bbc8ce251f4385ca2ae2ac62e6a907fa342200e"
"md","webhook-risk-guidance","tea","tea/workflows/testarch/bmad-testarch-nfr/resources/knowledge/webhook-risk-guidance.md","8bd40218b2427c18212afa3f5bbc8ce251f4385ca2ae2ac62e6a907fa342200e"
"md","webhook-risk-guidance","tea","tea/workflows/testarch/bmad-testarch-test-design/resources/knowledge/webhook-risk-guidance.md","8bd40218b2427c18212afa3f5bbc8ce251f4385ca2ae2ac62e6a907fa342200e"
"md","webhook-risk-guidance","tea","tea/workflows/testarch/bmad-testarch-test-review/resources/knowledge/webhook-risk-guidance.md","8bd40218b2427c18212afa3f5bbc8ce251f4385ca2ae2ac62e6a907fa342200e"
"md","webhook-risk-guidance","tea","tea/workflows/testarch/bmad-testarch-trace/resources/knowledge/webhook-risk-guidance.md","8bd40218b2427c18212afa3f5bbc8ce251f4385ca2ae2ac62e6a907fa342200e"
"md","webhook-template-matchers","tea","tea/agents/bmad-tea/resources/knowledge/webhook-template-matchers.md","abf92e617b194199439c60fafe68cb0481b48e9ef09f69c01c8a424429a6009f"
"md","webhook-template-matchers","tea","tea/workflows/testarch/bmad-testarch-atdd/resources/knowledge/webhook-template-matchers.md","abf92e617b194199439c60fafe68cb0481b48e9ef09f69c01c8a424429a6009f"
"md","webhook-template-matchers","tea","tea/workflows/testarch/bmad-testarch-automate/resources/knowledge/webhook-template-matchers.md","abf92e617b194199439c60fafe68cb0481b48e9ef09f69c01c8a424429a6009f"
"md","webhook-template-matchers","tea","tea/workflows/testarch/bmad-testarch-ci/resources/knowledge/webhook-template-matchers.md","abf92e617b194199439c60fafe68cb0481b48e9ef09f69c01c8a424429a6009f"
"md","webhook-template-matchers","tea","tea/workflows/testarch/bmad-testarch-framework/resources/knowledge/webhook-template-matchers.md","abf92e617b194199439c60fafe68cb0481b48e9ef09f69c01c8a424429a6009f"
"md","webhook-template-matchers","tea","tea/workflows/testarch/bmad-testarch-nfr/resources/knowledge/webhook-template-matchers.md","abf92e617b194199439c60fafe68cb0481b48e9ef09f69c01c8a424429a6009f"
"md","webhook-template-matchers","tea","tea/workflows/testarch/bmad-testarch-test-design/resources/knowledge/webhook-template-matchers.md","abf92e617b194199439c60fafe68cb0481b48e9ef09f69c01c8a424429a6009f"
"md","webhook-template-matchers","tea","tea/workflows/testarch/bmad-testarch-test-review/resources/knowledge/webhook-template-matchers.md","abf92e617b194199439c60fafe68cb0481b48e9ef09f69c01c8a424429a6009f"
"md","webhook-template-matchers","tea","tea/workflows/testarch/bmad-testarch-trace/resources/knowledge/webhook-template-matchers.md","abf92e617b194199439c60fafe68cb0481b48e9ef09f69c01c8a424429a6009f"
"md","webhook-testing-fundamentals","tea","tea/agents/bmad-tea/resources/knowledge/webhook-testing-fundamentals.md","cc1778b9aa95cb6fe00cfbb2115a2238636f71513cf159b7c02cbb3e091541c3"
"md","webhook-testing-fundamentals","tea","tea/workflows/testarch/bmad-testarch-atdd/resources/knowledge/webhook-testing-fundamentals.md","cc1778b9aa95cb6fe00cfbb2115a2238636f71513cf159b7c02cbb3e091541c3"
"md","webhook-testing-fundamentals","tea","tea/workflows/testarch/bmad-testarch-automate/resources/knowledge/webhook-testing-fundamentals.md","cc1778b9aa95cb6fe00cfbb2115a2238636f71513cf159b7c02cbb3e091541c3"
"md","webhook-testing-fundamentals","tea","tea/workflows/testarch/bmad-testarch-ci/resources/knowledge/webhook-testing-fundamentals.md","cc1778b9aa95cb6fe00cfbb2115a2238636f71513cf159b7c02cbb3e091541c3"
"md","webhook-testing-fundamentals","tea","tea/workflows/testarch/bmad-testarch-framework/resources/knowledge/webhook-testing-fundamentals.md","cc1778b9aa95cb6fe00cfbb2115a2238636f71513cf159b7c02cbb3e091541c3"
"md","webhook-testing-fundamentals","tea","tea/workflows/testarch/bmad-testarch-nfr/resources/knowledge/webhook-testing-fundamentals.md","cc1778b9aa95cb6fe00cfbb2115a2238636f71513cf159b7c02cbb3e091541c3"
"md","webhook-testing-fundamentals","tea","tea/workflows/testarch/bmad-testarch-test-design/resources/knowledge/webhook-testing-fundamentals.md","cc1778b9aa95cb6fe00cfbb2115a2238636f71513cf159b7c02cbb3e091541c3"
"md","webhook-testing-fundamentals","tea","tea/workflows/testarch/bmad-testarch-test-review/resources/knowledge/webhook-testing-fundamentals.md","cc1778b9aa95cb6fe00cfbb2115a2238636f71513cf159b7c02cbb3e091541c3"
"md","webhook-testing-fundamentals","tea","tea/workflows/testarch/bmad-testarch-trace/resources/knowledge/webhook-testing-fundamentals.md","cc1778b9aa95cb6fe00cfbb2115a2238636f71513cf159b7c02cbb3e091541c3"
"md","webhook-timeout-error","tea","tea/agents/bmad-tea/resources/knowledge/webhook-timeout-error.md","21500487fccc694ac1194dd144e13f6fd9f2585f65b32202f0b3d7b1cdc3b607"
"md","webhook-timeout-error","tea","tea/workflows/testarch/bmad-testarch-atdd/resources/knowledge/webhook-timeout-error.md","21500487fccc694ac1194dd144e13f6fd9f2585f65b32202f0b3d7b1cdc3b607"
"md","webhook-timeout-error","tea","tea/workflows/testarch/bmad-testarch-automate/resources/knowledge/webhook-timeout-error.md","21500487fccc694ac1194dd144e13f6fd9f2585f65b32202f0b3d7b1cdc3b607"
"md","webhook-timeout-error","tea","tea/workflows/testarch/bmad-testarch-ci/resources/knowledge/webhook-timeout-error.md","21500487fccc694ac1194dd144e13f6fd9f2585f65b32202f0b3d7b1cdc3b607"
"md","webhook-timeout-error","tea","tea/workflows/testarch/bmad-testarch-framework/resources/knowledge/webhook-timeout-error.md","21500487fccc694ac1194dd144e13f6fd9f2585f65b32202f0b3d7b1cdc3b607"
"md","webhook-timeout-error","tea","tea/workflows/testarch/bmad-testarch-nfr/resources/knowledge/webhook-timeout-error.md","21500487fccc694ac1194dd144e13f6fd9f2585f65b32202f0b3d7b1cdc3b607"
"md","webhook-timeout-error","tea","tea/workflows/testarch/bmad-testarch-test-design/resources/knowledge/webhook-timeout-error.md","21500487fccc694ac1194dd144e13f6fd9f2585f65b32202f0b3d7b1cdc3b607"
"md","webhook-timeout-error","tea","tea/workflows/testarch/bmad-testarch-test-review/resources/knowledge/webhook-timeout-error.md","21500487fccc694ac1194dd144e13f6fd9f2585f65b32202f0b3d7b1cdc3b607"
"md","webhook-timeout-error","tea","tea/workflows/testarch/bmad-testarch-trace/resources/knowledge/webhook-timeout-error.md","21500487fccc694ac1194dd144e13f6fd9f2585f65b32202f0b3d7b1cdc3b607"
"md","webhook-waiting-querying","tea","tea/agents/bmad-tea/resources/knowledge/webhook-waiting-querying.md","d914f3cfa9b3cfbd94fd0d3d057a7b578764cf37cdfc1b29278e03c88c3b06c5"
"md","webhook-waiting-querying","tea","tea/workflows/testarch/bmad-testarch-atdd/resources/knowledge/webhook-waiting-querying.md","d914f3cfa9b3cfbd94fd0d3d057a7b578764cf37cdfc1b29278e03c88c3b06c5"
"md","webhook-waiting-querying","tea","tea/workflows/testarch/bmad-testarch-automate/resources/knowledge/webhook-waiting-querying.md","d914f3cfa9b3cfbd94fd0d3d057a7b578764cf37cdfc1b29278e03c88c3b06c5"
"md","webhook-waiting-querying","tea","tea/workflows/testarch/bmad-testarch-ci/resources/knowledge/webhook-waiting-querying.md","d914f3cfa9b3cfbd94fd0d3d057a7b578764cf37cdfc1b29278e03c88c3b06c5"
"md","webhook-waiting-querying","tea","tea/workflows/testarch/bmad-testarch-framework/resources/knowledge/webhook-waiting-querying.md","d914f3cfa9b3cfbd94fd0d3d057a7b578764cf37cdfc1b29278e03c88c3b06c5"
"md","webhook-waiting-querying","tea","tea/workflows/testarch/bmad-testarch-nfr/resources/knowledge/webhook-waiting-querying.md","d914f3cfa9b3cfbd94fd0d3d057a7b578764cf37cdfc1b29278e03c88c3b06c5"
"md","webhook-waiting-querying","tea","tea/workflows/testarch/bmad-testarch-test-design/resources/knowledge/webhook-waiting-querying.md","d914f3cfa9b3cfbd94fd0d3d057a7b578764cf37cdfc1b29278e03c88c3b06c5"
"md","webhook-waiting-querying","tea","tea/workflows/testarch/bmad-testarch-test-review/resources/knowledge/webhook-waiting-querying.md","d914f3cfa9b3cfbd94fd0d3d057a7b578764cf37cdfc1b29278e03c88c3b06c5"
"md","webhook-waiting-querying","tea","tea/workflows/testarch/bmad-testarch-trace/resources/knowledge/webhook-waiting-querying.md","d914f3cfa9b3cfbd94fd0d3d057a7b578764cf37cdfc1b29278e03c88c3b06c5"
"toml","customize","tea","tea/agents/bmad-tea/customize.toml","ebbcf098364c9cb280a48fa839f5c4ba348e48a41e6c7b9cb512995d96846d61"
"toml","customize","tea","tea/workflows/testarch/bmad-teach-me-testing/customize.toml","d7f6daa98a9fa154d69c0f91b6c61acdb8e13408c846ea422c6e308c97f37027"
"toml","customize","tea","tea/workflows/testarch/bmad-testarch-atdd/customize.toml","e8d4d160c0327ef93f14e0bf9d3ab3fad5a9f2a9fe5eda7fb5d2ae0f0890b9be"
"toml","customize","tea","tea/workflows/testarch/bmad-testarch-automate/customize.toml","7bb315113d3c28c8264d62f1c2e6e9027ed0e0aeba8d4d91cf514c29cb213ee9"
"toml","customize","tea","tea/workflows/testarch/bmad-testarch-ci/customize.toml","d6548d558c1caf91ec99f7f128d41064829962087fe77c4751c19dea057bb39c"
"toml","customize","tea","tea/workflows/testarch/bmad-testarch-framework/customize.toml","c33b2d19cf10355c28e8952bbb00af90e9804b0f1233e0da6df242b1373a453f"
"toml","customize","tea","tea/workflows/testarch/bmad-testarch-nfr/customize.toml","41a3196bbb5c96c0905d146e0901058c2cdcc1f834bafac805c6a21062ceab5b"
"toml","customize","tea","tea/workflows/testarch/bmad-testarch-test-design/customize.toml","1005e632a0a9ac176e99c32c49cf82067df84992f0e1fe7541e594704f1d5732"
"toml","customize","tea","tea/workflows/testarch/bmad-testarch-test-review/customize.toml","23d7e9214d487f057dfcb1bd93f5828b6e7848d5627d661973fb3fbf9ab15762"
"toml","customize","tea","tea/workflows/testarch/bmad-testarch-trace/customize.toml","985fa59f35b208eec5ec0fef8cfba3520d42b76d71e2309332abcd02b18b78ed"
"yaml","azure-pipelines-template","tea","tea/workflows/testarch/bmad-testarch-ci/azure-pipelines-template.yaml","e53405833b819cd70b7226ea624236ff2490659985b0512244303dc9676acb34"
"yaml","config","tea","tea/config.yaml","fe49d7bc305e330a3a9285df635a70e10959bfe4ae7f38262c318e184cd7b50c"
"yaml","curriculum","tea","tea/workflows/testarch/bmad-teach-me-testing/data/curriculum.yaml","8c06984ef28c317b454214ecb821a8bda637d4edf49d4f93ce5345231c0f7a67"
"yaml","github-actions-template","tea","tea/workflows/testarch/bmad-testarch-ci/github-actions-template.yaml","dbf33e640d9017650b5eed7af28f8914172a0dcfd04552a0342ef61b459b28c2"
"yaml","gitlab-ci-template","tea","tea/workflows/testarch/bmad-testarch-ci/gitlab-ci-template.yaml","af7d7e50802c1f4cbdfdfc20b0cd8a86ba5cec5b9eaedaec29e4c8aec6049ae6"
"yaml","harness-pipeline-template","tea","tea/workflows/testarch/bmad-testarch-ci/harness-pipeline-template.yaml","243aa43a5139a9bca9e5300070e2efeb97c13f0bb94d166f84b035025d5c4f8d"
"yaml","progress-template","tea","tea/workflows/testarch/bmad-teach-me-testing/templates/progress-template.yaml","1000c7df2fdab3752f2c6af4ef3c72677817666ccd7e795a96e2afae663b9b4d"
"yaml","quiz-questions","tea","tea/workflows/testarch/bmad-teach-me-testing/data/quiz-questions.yaml","42c5e6c8703e22992cfcbbeb23d871054b15257153010efe53bf44dbc1f27b4f"
"yaml","role-paths","tea","tea/workflows/testarch/bmad-teach-me-testing/data/role-paths.yaml","8cf13b5649736b736accf5f99971c9713cf5c3c3d6f0d749fb42f58b3cbcd04b"
"yaml","session-content-map","tea","tea/workflows/testarch/bmad-teach-me-testing/data/session-content-map.yaml","3dc470eb246b8f1582e09d413df66b01970cd2ea012a7b433486bc703a65b260"
"yaml","tea-resources-index","tea","tea/workflows/testarch/bmad-teach-me-testing/data/tea-resources-index.yaml","244c6e09a2971d807ad34ff62dd31341505d8872ef74da6016b3b06355cf87ab"
"yaml","workflow","tea","tea/workflows/testarch/bmad-testarch-atdd/workflow.yaml","7f0ed54ed25cc51e4ecf3dd0e9298613a679982865473d82b81c117342a51a71"
"yaml","workflow","tea","tea/workflows/testarch/bmad-testarch-automate/workflow.yaml","812166a75f88418ecfba92f43e293ce33476275218a6b874f9d3ab3b3eb34a02"
"yaml","workflow","tea","tea/workflows/testarch/bmad-testarch-ci/workflow.yaml","e32ab0b461dc951b66864d701bb27e4ebab959498689bf28fa4838210a120b83"
"yaml","workflow","tea","tea/workflows/testarch/bmad-testarch-framework/workflow.yaml","13f99eb56accb5e8da5f28aabe4041b2a736472f92edd241f3f7ce3294b1f29f"
"yaml","workflow","tea","tea/workflows/testarch/bmad-testarch-nfr/workflow.yaml","2e980a1b8f3e3fc954784fc9750ebd5d1703a6171005116a7c4fb202d664f978"
"yaml","workflow","tea","tea/workflows/testarch/bmad-testarch-test-design/workflow.yaml","28e61166a437ccef0a3e72e8860bdee446d92e2e6dea3e0330b34b52a12c2a0b"
"yaml","workflow","tea","tea/workflows/testarch/bmad-testarch-test-review/workflow.yaml","74fa54b4009c2bd8d538a3ca1a64cb1155812a51c3d6d5c24a16a4c5ab87302b"
"yaml","workflow","tea","tea/workflows/testarch/bmad-testarch-trace/workflow.yaml","6a4f8fe7a53c1c4d2203f3a631bd5aa246cb8357b71339b008bd95f0377678dd"
